business_date,run_age_bd,daily_dir_size_bytes,daily_file_count,day_completion_status,total_elapsed_seconds,elapsed_market_refresh_seconds,elapsed_morning_seconds,elapsed_sell_planning_seconds,elapsed_data_readiness_seconds,elapsed_submit_seconds,elapsed_execution_seconds,elapsed_current_valuation_refresh_seconds,elapsed_runtime_state_refresh_seconds,regime,market_trend_state,breadth_state,confidence,equity,daily_pnl,daily_return,cash,market_value,exposure,position_count,pc_member_count,bq_positive_count,capitalized_pc_member_count,prior_exit_lineage_row_count,reentry_suppressed_count,old_gt120bd_reentry_suppressed_count,unknown_context_reentry_suppressed_count,prior_exit_target_zero_count,positive_add_count
2022-10-03,1,112811224,128,PASS,102.200607,49.869292,24.925415,2.073447,1.994017,17.429368,1.773732,2.560133,1.575203,BEAR,BEAR,WEAK,0.98418079096,516820.0,,,,516820.0,1.0,7,50,49,9,0,0,0,0,0,0
2022-10-04,2,109862629,126,PASS,98.216144,49.557458,22.341384,2.460018,2.172298,16.002074,1.718698,2.400179,1.564035,RANGE,RANGE,WEAK,0.983492999263,752380.0,235560.0,0.45578731,,752380.0,1.0,7,50,45,11,0,0,0,0,0,0
2022-10-05,3,108519636,126,PASS,91.12495,49.625783,19.784168,2.430899,1.96386,11.81285,1.645252,2.344981,1.517157,RANGE,RANGE,WEAK,0.984302612124,1049080.0,296700.0,0.3943486,296700.0,752380.0,0.717181,7,50,47,11,2,2,0,0,2,0
2022-10-06,4,113095674,126,PASS,87.037187,49.513216,15.342069,2.234385,2.001721,12.11594,1.701763,2.551812,1.576281,RANGE,RANGE,NEUTRAL,0.977676143387,991260.0,-57820.0,-0.05511496,,991260.0,1.0,10,50,43,10,4,4,0,0,4,1
2022-10-07,5,110432075,126,PASS,85.583235,49.812037,16.013281,2.357151,1.940826,9.988831,1.604889,2.318395,1.547825,RANGE,RANGE,NEUTRAL,0.979233621755,1072100.0,80840.0,0.08155277,80840.0,991260.0,0.924597,9,50,42,12,4,4,0,0,4,0
2022-10-11,6,109712704,126,PASS,80.696359,50.742824,11.656485,2.372238,2.164677,8.332401,1.568812,2.28764,1.571282,BEAR,BEAR,WEAK,0.980216269354,1068640.0,-3460.0,-0.00322731,147240.0,921400.0,0.862217,8,50,45,9,6,4,0,0,6,1
2022-10-12,7,110836473,126,PASS,82.972465,50.699095,11.992757,2.444586,2.162335,10.132323,1.653319,2.342173,1.545877,BEAR,BEAR,WEAK,0.981984657263,1046710.0,-21930.0,-0.02052141,341840.0,704870.0,0.673415,8,51,45,8,7,6,0,0,7,1
2022-10-13,8,109682391,126,PASS,96.215937,51.141952,21.025102,2.505726,1.810091,14.150754,1.670094,2.341789,1.570429,BEAR,BEAR,WEAK,0.98366840407,1036770.0,-9940.0,-0.00949642,332900.0,703870.0,0.678907,6,51,43,10,7,7,0,0,7,1
2022-10-14,9,110065809,126,PASS,88.955016,50.700961,15.853409,2.481061,2.222328,12.120672,1.655494,2.364247,1.556844,BEAR,BEAR,WEAK,0.976775620546,1034440.0,-2330.0,-0.00224736,717080.0,317360.0,0.306794,8,50,49,9,8,8,0,0,8,0
2022-10-17,10,105630666,126,PASS,91.521196,50.868379,15.952604,2.411139,2.342164,14.371647,1.667485,2.360685,1.547093,BEAR,BEAR,WEAK,0.978798325536,1045680.0,11240.0,0.01086578,462210.0,583470.0,0.557981,10,50,49,11,8,8,0,1,8,0
2022-10-18,11,112478832,126,PASS,94.893888,52.225271,19.368923,2.634475,2.566958,12.42866,1.692879,2.393488,1.583234,BEAR,BEAR,WEAK,0.97981266946,1043750.0,-1930.0,-0.00184569,442350.0,601400.0,0.576192,8,50,50,12,9,8,0,1,9,0
2022-10-19,12,123754676,126,PASS,95.451226,52.816944,18.565121,2.402989,2.58527,13.040273,1.781236,2.663474,1.595919,RANGE,RANGE,WEAK,0.979238754325,864530.0,-179220.0,-0.17170778,,864530.0,1.0,10,50,44,12,11,10,0,1,10,0
2022-10-20,13,116387963,126,PASS,85.738124,51.943072,13.839435,2.370314,2.599222,9.071205,1.723113,2.589731,1.602032,RANGE,RANGE,WEAK,0.979207920792,924060.0,59530.0,0.06885822,,924060.0,1.0,12,50,45,13,10,10,0,1,10,0
2022-10-21,14,123714904,126,PASS,86.68624,52.08608,14.738414,2.439699,2.523599,9.039371,1.688631,2.573557,1.596889,RANGE,RANGE,WEAK,0.982069137031,720260.0,-203800.0,-0.22054845,,720260.0,1.0,10,51,43,13,9,8,0,1,9,0
2022-10-24,15,119958546,126,PASS,100.37649,51.944016,23.20593,2.583703,2.005671,14.97593,1.705931,2.390175,1.565134,RANGE,RANGE,WEAK,0.981271477663,1044370.0,324110.0,0.44999028,324110.0,720260.0,0.68966,13,51,40,16,10,9,0,2,9,0
2022-10-25,16,113579370,126,PASS,95.33952,52.206309,19.390141,2.691607,2.597787,12.831438,1.671481,2.353809,1.596948,RECOVERY,RECOVERY,NEUTRAL,0.982388861749,1058230.0,13860.0,0.01327116,323910.0,734320.0,0.693913,13,53,46,16,10,9,0,1,9,0
2022-10-26,17,104328411,126,PASS,91.548003,52.574615,13.01527,2.551154,2.647417,15.224146,1.673785,2.313648,1.547968,RECOVERY,RECOVERY,NEUTRAL,0.978270509978,1071160.0,12930.0,0.01221852,158310.0,912850.0,0.852207,12,54,41,13,11,11,0,1,11,0
2022-10-27,18,108271194,126,PASS,94.188059,52.524747,18.774239,2.465413,1.828989,12.992765,1.676647,2.366114,1.559145,BULL,BULL,STRONG,0.980034722222,1051840.0,-19320.0,-0.01803652,121780.0,930060.0,0.884222,13,53,38,16,11,11,0,2,11,0
2022-10-28,19,105639333,126,PASS,93.712739,53.307381,13.647411,2.542763,2.79361,15.610568,1.701777,2.473539,1.63569,RECOVERY,RECOVERY,NEUTRAL,0.97489488004,1052920.0,1080.0,0.00102677,189180.0,863740.0,0.820328,11,53,40,12,12,12,0,1,12,0
2022-10-31,20,109848502,126,PASS,95.875549,53.858718,19.798096,2.69648,1.914949,11.359898,1.664823,2.356849,2.225736,BULL,BULL,STRONG,0.980225988701,1052680.0,-240.0,-0.00022794,176680.0,876000.0,0.832162,10,54,42,14,13,13,0,3,13,0
2022-11-01,21,124022287,126,PASS,97.19036,54.304215,19.522998,2.539798,3.066543,11.757766,1.749353,2.663787,1.5859,BULL,BULL,STRONG,0.984868582658,929050.0,-123630.0,-0.1174431,,929050.0,1.0,10,55,41,13,13,12,0,2,12,1
2022-11-02,22,101656191,126,PASS,91.615605,53.696246,15.371664,2.437708,2.911945,11.560383,1.676451,2.387182,1.574026,RANGE,RANGE,NEUTRAL,0.980152859961,1088380.0,159330.0,0.17149777,159330.0,929050.0,0.853608,9,54,34,11,12,12,0,3,12,0
2022-11-04,23,118521347,126,PASS,87.328576,53.844144,14.983973,2.404924,2.822725,7.36809,1.742605,2.580544,1.581571,CORRECTION,CORRECTION,NEUTRAL,0.978130381304,869890.0,-218490.0,-0.2007479,,869890.0,1.0,8,52,44,11,12,12,0,3,12,0
2022-11-07,24,105565280,126,PASS,101.268329,54.033953,19.848422,2.529556,2.945244,16.157219,1.738714,2.439323,1.575898,RANGE,RANGE,NEUTRAL,0.97713654224,1107820.0,237930.0,0.27351734,237930.0,869890.0,0.785227,9,53,38,11,13,12,0,3,12,0
2022-11-08,25,113365212,126,PASS,98.281872,54.571164,19.163527,2.565224,1.92585,14.274706,1.720873,2.451829,1.608699,RECOVERY,RECOVERY,NEUTRAL,0.977419354839,1112650.0,4830.0,0.00435991,205830.0,906820.0,0.815009,11,52,40,14,12,11,0,4,11,0
2022-11-09,26,110991988,126,PASS,98.356229,54.724776,18.165348,2.632976,3.066013,14.075907,1.734853,2.393412,1.562944,BULL,BULL,STRONG,0.981211524255,1134520.0,21870.0,0.01965578,80030.0,1054490.0,0.929459,9,53,38,13,9,9,0,2,9,0
2022-11-10,27,126633266,126,PASS,90.251891,54.886882,15.112631,2.340324,1.840572,9.999052,1.803902,2.677068,1.59146,BULL,BULL,NEUTRAL,0.976282838203,1036060.0,-98460.0,-0.0867856,,1036060.0,1.0,11,53,41,12,10,10,0,1,10,0
2022-11-11,28,115740767,126,PASS,103.495145,54.637516,24.520804,2.509464,2.041162,14.030956,1.709226,2.452149,1.593868,BULL,BULL,STRONG,0.97452369321,1133490.0,97430.0,0.09403896,97430.0,1036060.0,0.914044,11,54,41,15,9,9,0,2,9,0
2022-11-14,29,109301710,126,PASS,103.021886,54.725391,22.220235,2.674006,3.211376,14.467752,1.690299,2.435468,1.597359,RECOVERY,RECOVERY,NEUTRAL,0.982156862745,1127540.0,-5950.0,-0.00524927,223630.0,903910.0,0.801666,11,54,34,15,10,10,0,2,10,0
2022-11-15,30,125769307,126,PASS,113.287715,56.033712,25.213954,2.716234,3.521815,19.543443,1.912056,2.728283,1.618218,BULL,BULL,NEUTRAL,0.982663070132,777530.0,-350010.0,-0.31041914,,777530.0,1.0,11,53,35,15,10,10,0,3,10,0
2022-11-16,31,109544252,126,PASS,97.196442,55.623112,17.312639,2.593026,3.604741,12.370721,1.676955,2.444603,1.570645,RECOVERY,RECOVERY,NEUTRAL,0.979916625797,1118690.0,341160.0,0.43877407,341160.0,777530.0,0.695036,12,52,35,15,14,14,0,4,14,0
2022-11-17,32,105895726,126,PASS,100.571748,55.743468,18.514064,2.577558,3.596041,14.426513,1.715603,2.416922,1.581579,BULL,BULL,NEUTRAL,0.980866781581,1125340.0,6650.0,0.00594445,134560.0,990780.0,0.880427,13,51,37,15,12,11,0,4,11,0
2022-11-18,33,110374487,126,PASS,94.801816,56.051859,14.0938,2.563641,1.83719,14.518445,1.721942,2.45266,1.562279,BULL,BULL,NEUTRAL,0.980545991146,1137060.0,11720.0,0.01041463,131160.0,1005900.0,0.88465,12,51,33,13,11,9,0,4,11,0
2022-11-21,34,115155156,126,PASS,100.484142,56.153058,17.763682,2.671079,3.400062,14.69132,1.761128,2.443463,1.60035,BULL,BULL,STRONG,0.978876349362,1132730.0,-4330.0,-0.00380807,127070.0,1005660.0,0.88782,15,53,39,15,12,10,0,4,12,0
2022-11-22,35,117946570,126,PASS,98.324991,56.156384,19.479693,2.640161,1.857518,12.433872,1.725555,2.463851,1.567957,BULL,BULL,STRONG,0.983361921098,1158050.0,25320.0,0.02235308,32710.0,1125340.0,0.971754,12,54,34,15,10,9,0,4,9,0
2022-11-24,36,123798756,126,PASS,97.020271,56.356719,15.607951,2.390664,3.47353,13.055811,1.814824,2.706471,1.614301,BULL,BULL,STRONG,0.982777101096,1124690.0,-33360.0,-0.02880705,,1124690.0,1.0,15,54,39,15,15,14,0,5,14,0
2022-11-25,37,123505961,126,PASS,88.775902,56.681716,13.920603,2.440938,2.061119,7.97904,1.687024,2.427972,1.57749,BULL,BULL,STRONG,0.977479892761,1177170.0,52480.0,0.04666175,52480.0,1124690.0,0.955419,15,54,37,16,16,15,0,5,15,0
2022-11-28,38,114200025,126,PASS,80.051797,56.91785,11.558739,2.405896,1.855252,1.766888,1.544998,2.420674,1.5815,BULL,BULL,STRONG,0.974099318403,1195330.0,18160.0,0.01542683,57580.0,1137750.0,0.951829,15,54,36,16,16,14,0,5,16,0
2022-11-29,39,119391528,126,PASS,89.282044,57.217204,13.927183,2.580286,1.812185,8.049269,1.668182,2.448593,1.579142,BULL,BULL,STRONG,0.979209621993,1188310.0,-7020.0,-0.00587286,57580.0,1130730.0,0.951545,15,55,33,17,13,11,0,4,13,0
2022-11-30,40,105701656,126,PASS,89.408235,57.519919,11.570081,2.339667,3.802514,8.259415,1.74258,2.576704,1.597355,BULL,BULL,STRONG,0.983210964268,1175410.0,-12900.0,-0.01085575,,1175410.0,1.0,16,55,35,16,13,11,0,4,12,0
2022-12-01,41,125339437,126,PASS,92.424045,58.260338,14.996899,2.472939,2.211768,8.388758,1.818481,2.656778,1.618084,BULL,BULL,STRONG,0.983732876712,1156940.0,-18470.0,-0.01571367,,1156940.0,1.0,15,57,38,16,13,12,0,6,13,0
2022-12-02,42,119841252,126,PASS,100.211404,58.377045,17.61014,2.837343,2.224863,13.418509,1.738291,2.433221,1.571992,BULL,BULL,NEUTRAL,0.980712021458,1191550.0,34610.0,0.02991512,34609.99999999999,1156940.0,0.970954,14,56,44,17,12,12,0,6,12,0
2022-12-05,43,131964805,126,PASS,100.561121,58.683139,19.795333,2.647287,2.077106,11.216211,1.799994,2.692154,1.649897,BULL,BULL,STRONG,0.98258961229,894930.0,-296620.0,-0.24893626,,894930.0,1.0,12,56,42,16,12,11,0,6,12,0
2022-12-06,44,124717589,126,PASS,100.97866,58.653599,17.962585,2.620167,2.25723,13.561507,1.771633,2.509393,1.642546,RANGE,RANGE,NEUTRAL,0.982469923889,1183060.0,288130.0,0.32195814,288130.0,894930.0,0.756454,11,54,40,12,12,11,0,5,12,0
2022-12-07,45,115610166,126,PASS,108.039661,59.056099,19.584534,2.698237,2.066599,18.751921,1.770571,2.517072,1.594628,RANGE,RANGE,NEUTRAL,0.984872298625,1189830.0,6770.0,0.00572245,149130.0,1040700.0,0.874663,10,55,40,13,14,13,0,4,14,0
2022-12-08,46,117989923,126,PASS,107.252675,58.527771,21.784025,2.696966,2.05077,16.294662,1.758264,2.534716,1.605501,RANGE,RANGE,NEUTRAL,0.981760078663,1165330.0,-24500.0,-0.02059118,270480.0,894850.0,0.767894,10,55,43,13,15,14,0,6,14,0
2022-12-09,47,131717180,126,PASS,102.511467,58.668802,19.251185,2.656306,1.879562,13.745193,1.889566,2.785248,1.635605,RANGE,RANGE,NEUTRAL,0.983194512494,1065070.0,-100260.0,-0.08603572,,1065070.0,1.0,11,55,39,13,13,13,0,6,13,0
2022-12-12,48,127680265,126,PASS,97.812439,58.584831,17.53933,2.564806,2.119679,11.127117,1.758069,2.509244,1.609363,RECOVERY,RECOVERY,NEUTRAL,0.985494880546,1180920.0,115850.0,0.10877219,115850.0,1065070.0,0.901899,11,56,39,12,14,14,0,7,14,0
2022-12-13,49,120690961,126,PASS,95.111352,59.469597,16.40107,2.478473,2.037201,8.617944,1.804212,2.68639,1.616465,RECOVERY,RECOVERY,NEUTRAL,0.983190394511,1103040.0,-77880.0,-0.06594858,,1103040.0,1.0,12,55,39,14,14,14,0,5,14,0
2022-12-14,50,127782202,126,PASS,103.158383,59.20485,18.331726,2.75582,2.149122,13.947513,1.752522,3.428518,1.588312,RECOVERY,RECOVERY,NEUTRAL,0.983006375674,1184620.0,81580.0,0.07395924,81580.0,1103040.0,0.931134,11,56,39,13,15,15,0,5,15,0
2022-12-15,51,113054020,126,PASS,100.938466,59.766393,19.552491,2.543582,2.041387,11.142861,1.759548,2.530765,1.601439,RECOVERY,RECOVERY,NEUTRAL,0.982512858193,1200030.0,15410.0,0.01300839,132420.0,1067610.0,0.889653,11,56,33,14,16,16,0,5,16,0
2022-12-16,52,130823314,126,PASS,104.474424,59.760945,22.111388,2.689996,2.021204,11.524449,1.904146,2.823865,1.638431,RANGE,RANGE,NEUTRAL,0.98017578125,1059510.0,-140520.0,-0.11709707,,1059510.0,1.0,11,58,41,15,16,16,0,6,16,0
2022-12-19,53,135381066,126,PASS,98.160604,59.927869,15.825308,2.769636,2.266638,11.499074,1.736208,2.547325,1.588546,CORRECTION,CORRECTION,NEUTRAL,0.981924482339,1189380.0,129870.0,0.12257553,129870.0,1059510.0,0.890809,9,58,46,12,15,15,0,4,15,0
2022-12-20,54,129663078,126,PASS,124.331094,60.259995,27.761474,3.055524,4.553635,22.592893,1.822742,2.655176,1.629655,BEAR,BEAR,WEAK,0.979152542373,402400.0,-786980.0,-0.66167247,,402400.0,1.0,3,57,46,9,13,12,0,1,13,0
2022-12-21,55,140201498,126,PASS,153.696164,60.650176,42.067425,2.86443,4.573924,36.988882,2.128913,2.754441,1.667973,BEAR,BEAR,WEAK,0.978278787879,586720.0,184320.0,0.45805169,,586720.0,1.0,12,53,49,16,14,14,0,2,14,0
2022-12-22,56,118038349,126,PASS,115.109531,60.736191,20.622011,2.721318,4.824023,20.140614,1.827405,2.614339,1.62363,BEAR,BEAR,WEAK,0.982610813444,1151380.0,564660.0,0.96240115,564660.0,586720.0,0.50958,11,55,48,13,14,14,0,3,14,0
2022-12-23,57,120013737,126,PASS,100.832472,60.915774,14.749474,2.71683,4.768091,11.737735,1.778436,2.544101,1.622031,BEAR,BEAR,WEAK,0.983163265306,1168650.0,17270.0,0.01499939,472350.0,696300.0,0.595816,11,55,46,13,15,15,0,2,15,0
2022-12-26,58,132709627,126,PASS,106.931776,61.050359,19.820223,2.935576,4.780317,11.959362,1.903157,2.812382,1.6704,BEAR,BEAR,WEAK,0.983583172147,780500.0,-388150.0,-0.33213537,,780500.0,1.0,11,54,46,14,14,14,0,2,14,0
2022-12-27,59,121308077,126,PASS,105.625549,61.398632,15.608651,2.865255,4.947898,14.819737,1.790324,2.566421,1.628631,BEAR,BEAR,WEAK,0.983163265306,1161650.0,381150.0,0.48834081,381150.0,780500.0,0.671889,10,56,48,12,14,13,0,2,14,0
2022-12-28,60,130695950,126,PASS,116.068471,61.469997,23.05169,2.856161,4.892783,17.754001,1.809557,2.619251,1.615031,BEAR,BEAR,WEAK,0.980879864636,1165700.0,4050.0,0.00348642,367550.0,798150.0,0.684696,10,57,47,13,15,15,0,2,15,0
2022-12-29,61,123442295,126,PASS,115.746049,62.253254,20.90702,2.863257,4.930763,17.724136,1.838879,3.595653,1.633087,BEAR,BEAR,WEAK,0.984176904177,1162300.0,-3400.0,-0.0029167,523050.0,639250.0,0.549987,10,57,47,12,17,17,0,1,17,0
2022-12-30,62,123567395,126,PASS,118.80591,61.608262,22.137949,2.962563,4.965652,20.910423,1.883,2.688258,1.649803,BEAR,BEAR,WEAK,0.984778890789,1157200.0,-5100.0,-0.00438785,460550.0,696650.0,0.602013,7,56,46,10,17,16,0,3,16,0
2023-01-04,63,123284764,126,PASS,117.128075,62.209036,22.412944,2.718582,5.032719,17.639906,1.850973,3.629803,1.634112,BEAR,BEAR,WEAK,0.986545012165,1158100.0,900.0,0.00077774,629150.0,528950.0,0.456739,9,56,46,11,20,20,0,3,20,0
2023-01-05,64,120772749,126,PASS,110.870603,62.46504,18.571689,2.748946,5.101097,14.894157,1.818361,3.64011,1.631203,BEAR,BEAR,WEAK,0.980092367526,1156830.0,-1270.0,-0.00109662,449350.0,707480.0,0.611568,8,56,43,10,18,17,0,4,17,0
2023-01-06,65,139141342,126,PASS,114.059875,62.499924,20.336005,2.767496,5.11245,15.666145,1.992927,3.9418,1.743128,BEAR,BEAR,WEAK,0.981898023908,636500.0,-520330.0,-0.44978951,,636500.0,1.0,9,56,44,11,18,17,0,4,17,0
2023-01-10,66,121825147,126,PASS,116.480162,63.303076,20.632983,2.930657,5.40631,18.075885,1.863412,2.634872,1.632967,BEAR,BEAR,WEAK,0.974787052811,1154050.0,517550.0,0.81311862,517550.0,636500.0,0.551536,11,55,46,12,17,17,0,4,17,0
2023-01-11,67,127696986,126,PASS,108.829952,63.991625,16.632976,2.881796,5.413617,12.718483,1.849604,3.695055,1.646796,BEAR,BEAR,WEAK,0.980817225349,1154090.0,40.0,3.466e-05,430330.0,723760.0,0.627126,9,56,47,11,20,20,0,4,20,0
2023-01-12,68,126190920,126,PASS,109.346943,64.209053,17.588246,2.698021,5.374445,12.918695,1.953342,2.881365,1.723776,BEAR,BEAR,WEAK,0.984364261168,794490.0,-359600.0,-0.31158748,,794490.0,1.0,11,54,46,12,17,17,0,4,17,0
2023-01-13,69,128085512,126,PASS,115.624511,64.080934,17.978923,2.98648,5.487731,18.861595,1.865071,2.70657,1.657207,BEAR,BEAR,WEAK,0.982529973085,1155470.0,360980.0,0.45435437,360980.0,794490.0,0.68759,7,54,47,9,17,17,0,5,17,0
2023-01-16,70,131470572,126,PASS,108.648593,63.722281,17.759934,2.490883,5.373436,12.862543,1.913732,2.828579,1.697205,BEAR,BEAR,WEAK,0.978172959805,819680.0,-335790.0,-0.29060902,,819680.0,1.0,9,54,45,10,21,21,0,4,21,0
2023-01-17,71,123110790,126,PASS,112.299881,63.472111,20.838414,2.826331,5.482793,13.401756,1.94774,2.682033,1.648703,BEAR,BEAR,WEAK,0.984482758621,1155260.0,335580.0,0.40940367,335580.0,819680.0,0.70952,9,54,45,12,20,20,0,4,20,0
2023-01-18,72,135320285,126,PASS,142.947905,64.658769,35.238732,2.944666,5.4404,28.276991,1.985044,2.750663,1.65264,RANGE,RANGE,WEAK,0.980669599218,788020.0,-367240.0,-0.31788515,,788020.0,1.0,12,55,40,17,21,17,0,4,17,0
2023-01-19,73,127159424,126,PASS,135.838649,64.249045,28.675173,3.06523,5.557844,27.937466,1.986473,2.717302,1.650116,RANGE,RANGE,WEAK,0.982306748466,798140.0,10120.0,0.01284231,,798140.0,1.0,14,55,44,17,19,19,0,5,19,0
2023-01-20,74,127071077,126,PASS,136.385582,65.099933,29.543959,3.34421,5.618924,25.469359,1.948855,3.731438,1.628904,RECOVERY,RECOVERY,NEUTRAL,0.984273504274,1179020.0,380880.0,0.47720951,380880.0,798140.0,0.676952,14,56,44,18,20,18,0,7,18,0
2023-01-23,75,133011845,126,PASS,139.56467,64.227319,28.37087,3.272252,1.939616,35.342271,2.063181,2.721321,1.62784,BULL,BULL,STRONG,0.986037460472,1188230.0,9210.0,0.00781157,246280.0,941950.0,0.792734,13,57,39,15,20,19,0,7,19,0
2023-01-24,76,140206701,126,PASS,112.970062,64.264063,20.976525,2.615851,1.996122,16.500004,1.992331,2.92242,1.702746,BULL,BULL,STRONG,0.978571428571,1120130.0,-68100.0,-0.05731214,,1120130.0,1.0,16,57,39,17,19,17,0,6,19,0
2023-01-25,77,148035173,126,PASS,105.196939,64.83442,15.679913,2.7087,2.140604,13.272662,1.990395,2.86601,1.704235,BULL,BULL,STRONG,0.982529682578,1073770.0,-46360.0,-0.04138805,,1073770.0,1.0,14,58,37,15,17,17,0,7,17,0
2023-01-26,78,137756701,126,PASS,91.821782,65.156868,14.286104,2.560788,2.102633,1.842981,1.623938,2.612074,1.636396,BULL,BULL,STRONG,0.983780487805,1216780.0,143010.0,0.13318495,143010.0,1073770.0,0.882468,14,59,37,15,18,18,0,7,18,0
2023-01-27,79,134229005,126,PASS,102.56817,65.514425,14.664958,2.680796,1.929636,10.152238,1.915219,3.986052,1.724846,BULL,BULL,STRONG,0.987484692628,1013000.0,-203780.0,-0.16747481,,1013000.0,1.0,13,59,32,14,18,17,0,7,18,0
2023-01-30,80,134359480,126,PASS,119.861475,65.522215,21.802274,2.589602,2.234058,20.043837,1.970457,4.000963,1.698069,BULL,BULL,STRONG,0.98906783797,1152550.0,139550.0,0.13775913,,1152550.0,1.0,15,58,33,15,18,17,0,7,18,0
2023-01-31,81,136346643,126,PASS,106.841248,65.46523,16.763177,2.806244,2.237272,13.417049,1.834724,2.666326,1.651226,BULL,BULL,STRONG,0.983856722277,1231220.0,78670.0,0.06825734,78670.0,1152550.0,0.936104,15,59,33,16,20,20,0,8,20,1
2023-02-01,82,132552161,126,PASS,117.468226,65.991932,22.827846,3.459006,2.090712,16.884683,1.920062,2.700132,1.593853,BULL,BULL,STRONG,0.986989483981,1229680.0,-1540.0,-0.00125079,71690.0,1157990.0,0.9417,14,60,42,16,20,19,0,10,20,1
2023-02-02,83,138476628,126,PASS,125.76605,66.183158,27.753362,2.836972,2.026007,19.213895,1.997865,4.038999,1.715792,BULL,BULL,STRONG,0.984745347698,1163200.0,-66480.0,-0.05406285,,1163200.0,1.0,15,60,35,17,19,19,0,6,19,0
2023-02-03,84,142921957,130,PASS,109.701329,66.500307,17.682866,2.832497,6.337628,9.259452,1.719589,3.71896,1.65003,BULL,BULL,STRONG,0.985313491095,1232710.0,69510.0,0.05975757,69510.0,1163200.0,0.943612,15,61,37,16,17,16,0,6,17,0
2023-02-06,85,125665256,126,PASS,126.636891,66.795582,29.955576,3.280396,2.090385,17.102591,1.923591,3.82701,1.66176,BULL,BULL,STRONG,0.983772571986,1231790.0,-920.0,-0.00074632,69510.0,1162280.0,0.94357,14,61,38,20,18,18,0,8,18,0
2023-02-07,86,142772245,126,PASS,116.623213,68.316764,20.125008,3.065465,2.15272,14.717359,2.187318,4.326163,1.732416,BULL,BULL,STRONG,0.983370071026,949690.0,-282100.0,-0.22901631,,949690.0,1.0,14,60,40,16,20,18,0,6,20,0
2023-02-08,87,157055859,126,PASS,127.457418,67.661018,25.809341,3.026127,2.381552,21.068463,2.12996,3.565724,1.815233,BULL,BULL,STRONG,0.981678082192,1124230.0,174540.0,0.18378629,,1124230.0,1.0,16,59,38,18,17,16,0,6,16,0
2023-02-09,88,136155789,126,PASS,122.23701,67.79208,21.675204,3.165083,2.335633,20.895902,1.975014,2.724202,1.673892,BULL,BULL,STRONG,0.981461500736,1259700.0,135470.0,0.12050025,135470.0,1124230.0,0.892459,16,60,34,17,15,15,0,5,15,0
2023-02-10,89,128017800,126,PASS,110.656207,67.415666,17.666231,2.831592,1.933241,14.226926,2.011323,2.867849,1.703379,BULL,BULL,STRONG,0.981117861482,1187350.0,-72350.0,-0.05743431,,1187350.0,1.0,16,58,30,17,15,14,0,4,15,0
2023-02-13,90,135060543,126,PASS,132.955829,67.832361,27.032329,3.383049,2.038128,24.798502,2.077018,4.084257,1.710185,BULL,BULL,STRONG,0.984172137126,1257390.0,70040.0,0.0589885,70040.0,1187350.0,0.944297,14,58,34,17,12,11,0,3,11,1
2023-02-14,91,126114454,126,PASS,125.376705,68.522466,22.809764,3.167186,2.160785,21.169215,1.975959,3.908894,1.662436,BULL,BULL,STRONG,0.978855054811,1249300.0,-8090.0,-0.00643396,229270.0,1020030.0,0.816481,15,56,36,17,17,16,0,3,17,0
2023-02-15,92,138710536,126,PASS,122.858897,68.636536,21.292271,3.215246,2.112836,21.217947,1.965081,2.756299,1.662681,BULL,BULL,STRONG,0.982081911263,1239070.0,-10230.0,-0.00818859,117970.0,1121100.0,0.904791,12,57,44,15,17,16,0,4,17,1
2023-02-16,93,142844531,126,PASS,112.869481,68.083057,22.250931,2.919121,1.96749,10.847792,2.047672,3.02124,1.732178,BULL,BULL,STRONG,0.979980444879,1172770.0,-66300.0,-0.05350787,,1172770.0,1.0,13,56,45,16,17,15,0,3,16,0
2023-02-17,94,151216431,126,PASS,120.051857,69.295648,23.678724,3.08156,2.398433,14.86566,2.01338,2.992248,1.726204,BULL,BULL,STRONG,0.985131835937,1109250.0,-63520.0,-0.05416237,,1109250.0,1.0,13,56,38,15,17,14,0,4,16,0
2023-02-20,95,138445365,126,PASS,129.418062,69.85061,29.428905,3.210245,2.376884,18.109992,1.988692,2.786345,1.666389,BULL,BULL,STRONG,0.985904900534,1222350.0,113100.0,0.10196078,113100.0,1109250.0,0.907473,12,57,40,17,16,14,0,3,16,0
2023-02-21,96,136314575,126,PASS,122.530393,69.51407,22.922316,2.998151,2.114394,18.266666,2.044098,2.968603,1.702095,BULL,BULL,STRONG,0.987201365188,1131640.0,-90710.0,-0.07420951,,1131640.0,1.0,13,56,42,15,16,14,0,3,16,0
2023-02-22,97,132565185,126,PASS,122.984299,69.159198,23.236207,2.879609,2.333647,17.766749,2.008906,3.933079,1.666904,RECOVERY,RECOVERY,NEUTRAL,0.986554826161,1202340.0,70700.0,0.0624757,70700.0,1131640.0,0.941198,13,55,39,15,13,12,0,3,13,1
2023-02-24,98,131650347,126,PASS,129.052329,69.274838,24.131153,3.368344,2.115357,22.171789,2.185883,4.10333,1.701635,BULL,BULL,NEUTRAL,0.98285229202,1196830.0,-5510.0,-0.00458273,153340.0,1043490.0,0.871878,12,55,44,14,13,12,0,3,13,1
2023-02-27,99,122318638,126,PASS,120.669804,70.237642,20.954397,2.694583,2.14615,18.16122,1.982543,2.799059,1.69421,BULL,BULL,NEUTRAL,0.981177325581,1199320.0,2490.0,0.0020805,203950.0,995370.0,0.829945,12,55,41,14,14,14,0,3,14,0
2023-02-28,100,132360693,126,PASS,132.888861,70.242006,25.256769,2.855812,2.123276,25.815995,2.076566,2.814809,1.703628,BULL,BULL,STRONG,0.988259601361,1201140.0,1820.0,0.00151753,367820.0,833320.0,0.693774,16,54,38,17,14,13,0,2,14,0
2023-03-01,101,128592793,126,PASS,153.516722,70.387495,33.173539,3.781561,2.148508,37.429625,2.078662,2.807929,1.709403,BULL,BULL,STRONG,0.98361774744,1203900.0,2760.0,0.00229782,71020.0,1132880.0,0.941008,12,54,36,19,13,12,0,3,12,0
2023-03-02,102,137014169,126,PASS,141.300432,70.488147,28.774302,3.106178,2.163763,30.024164,2.118735,2.911211,1.713932,BULL,BULL,STRONG,0.984660336012,1231640.0,27740.0,0.02304178,453220.0,778420.0,0.632019,14,53,41,17,17,16,0,5,17,0
2023-03-03,103,139134012,126,PASS,118.008725,70.947437,18.516713,3.146094,7.301311,11.469468,1.988612,2.942574,1.696516,BULL,BULL,STRONG,0.983208141507,1091240.0,-140400.0,-0.11399435,,1091240.0,1.0,13,53,42,15,18,18,0,5,18,0
2023-03-06,104,136222650,126,PASS,135.219355,71.583095,24.326061,2.990082,2.256515,26.212711,2.06119,4.099581,1.69012,BULL,BULL,STRONG,0.98659718856,1260160.0,168920.0,0.15479638,168920.0,1091240.0,0.865954,13,53,45,15,18,18,0,5,18,0
2023-03-07,105,126146589,126,PASS,126.715127,70.579033,20.930522,2.922793,7.12277,18.76317,1.970926,2.760401,1.665512,BULL,BULL,STRONG,0.986708860759,1268180.0,8020.0,0.00636427,112720.0,1155460.0,0.911117,13,53,42,15,20,18,0,5,19,0
2023-03-08,106,134720331,126,PASS,115.788893,72.355451,20.30545,2.689158,2.110774,11.637989,2.016032,2.973369,1.70067,BULL,BULL,STRONG,0.983321176757,1152400.0,-115780.0,-0.09129619,,1152400.0,1.0,14,53,43,16,18,17,0,5,17,0
2023-03-09,107,131803539,126,PASS,122.711122,71.47766,20.613218,2.626331,7.406303,13.833708,2.034586,2.993267,1.726049,BULL,BULL,STRONG,0.984871296746,1150510.0,-1890.0,-0.00164006,,1150510.0,1.0,15,54,40,16,17,17,0,4,17,0
2023-03-10,108,126678314,126,PASS,131.303404,71.673636,22.363909,3.864766,7.648416,19.060601,2.103322,2.869993,1.718761,BULL,BULL,STRONG,0.98317961165,1246230.0,95720.0,0.08319789,95720.0,1150510.0,0.923192,14,56,37,16,19,17,0,3,18,0
2023-03-13,109,123016983,126,PASS,142.65541,72.107645,25.648745,3.79547,7.566937,26.985253,2.079218,2.774912,1.69723,BULL,BULL,STRONG,0.988132719787,1224760.0,-21470.0,-0.01722796,99420.0,1125340.0,0.918825,12,55,41,15,18,18,0,4,18,0
2023-03-14,110,123292424,126,PASS,155.895046,72.530854,28.524818,3.874149,2.107007,42.120527,2.149286,2.914406,1.673999,RANGE,RANGE,NEUTRAL,0.985095572224,1215450.0,-9310.0,-0.00760149,317140.0,898310.0,0.739076,7,53,40,9,17,16,0,4,16,0
2023-03-15,111,148574229,126,PASS,136.461387,72.215536,28.774768,2.855457,2.15253,23.368808,2.197795,3.134061,1.762432,RANGE,RANGE,NEUTRAL,0.987530502684,814310.0,-401140.0,-0.33003414,,814310.0,1.0,8,52,45,11,21,20,0,5,20,1
2023-03-16,112,132728136,126,PASS,142.668999,72.296044,26.219801,2.638313,7.69915,26.985298,2.120526,3.008554,1.701313,RANGE,RANGE,NEUTRAL,0.986773255814,1049260.0,234950.0,0.28852648,,1049260.0,1.0,11,53,43,12,20,20,0,5,20,0
2023-03-17,113,138881723,126,PASS,122.638463,73.213055,21.55487,3.371029,2.251015,15.64355,2.017915,2.855951,1.731078,RANGE,RANGE,NEUTRAL,0.985679493424,1221840.0,172580.0,0.16447782,172580.0,1049260.0,0.858754,11,52,45,14,20,19,0,3,20,0
2023-03-20,114,132449970,126,PASS,127.346134,74.060283,20.02455,2.811861,7.924918,15.839531,2.05585,2.878852,1.750289,CORRECTION,CORRECTION,WEAK,0.98656462585,1217650.0,-4190.0,-0.00342925,285530.0,932120.0,0.765507,9,52,41,11,18,16,0,4,18,0
2023-03-22,115,144062531,126,PASS,140.141126,74.061408,28.286338,2.913134,7.811004,19.977548,2.159514,3.176797,1.755383,RANGE,RANGE,NEUTRAL,0.990284879474,1120100.0,-97550.0,-0.08011333,,1120100.0,1.0,12,52,43,15,20,19,0,4,20,0
2023-03-23,116,145034881,126,PASS,123.977177,73.984941,19.603657,3.282579,7.941686,12.210289,2.098624,3.150779,1.704622,RANGE,RANGE,NEUTRAL,0.985084496694,1095520.0,-24580.0,-0.02194447,,1095520.0,1.0,11,52,43,13,17,16,0,4,17,0
2023-03-24,117,135762142,126,PASS,130.555436,73.827646,25.433209,2.878849,2.320584,19.485006,2.076001,2.836904,1.697237,RECOVERY,RECOVERY,NEUTRAL,0.988404384896,1232080.0,136560.0,0.12465313,136560.0,1095520.0,0.889163,10,52,39,13,15,14,0,3,14,0
2023-03-27,118,119724289,126,PASS,119.937063,73.760599,18.967171,2.528052,2.086196,16.02152,2.04787,2.82746,1.698195,RECOVERY,RECOVERY,NEUTRAL,0.987241798299,1233050.0,970.0,0.00078729,360860.0,872190.0,0.707344,10,51,43,11,17,17,0,5,17,0
2023-03-28,119,128368850,126,PASS,116.782792,73.87571,19.141426,3.039325,2.116182,12.098114,1.999853,2.836562,1.67562,RANGE,RANGE,NEUTRAL,0.989424951267,1312940.0,79890.0,0.06479056,221060.0,1091880.0,0.83163,9,51,44,11,14,13,0,4,14,0
2023-03-29,120,134061132,126,PASS,146.188933,74.548138,25.96107,3.050505,7.901974,28.059829,2.084605,2.889068,1.693744,RECOVERY,RECOVERY,NEUTRAL,0.986869671133,1339600.0,26660.0,0.02030557,256760.0,1082840.0,0.808331,8,51,42,10,15,14,0,4,15,0
2023-03-30,121,133905841,126,PASS,134.241425,74.578276,22.114029,2.89321,7.972388,20.08217,2.043284,2.857826,1.700242,RANGE,RANGE,NEUTRAL,0.982993197279,1275270.0,-64330.0,-0.0480218,315800.0,959470.0,0.752366,9,51,47,10,19,18,0,4,19,0
2023-03-31,122,137869459,130,PASS,110.110174,74.743192,16.216373,2.816905,7.990601,2.09039,1.751284,2.825791,1.675638,RECOVERY,RECOVERY,NEUTRAL,0.984040747029,1344760.0,69490.0,0.05449042,106100.0,1238660.0,0.921101,9,51,46,10,21,20,0,4,21,0
2023-04-03,123,136871768,126,PASS,104.187164,74.728523,16.431552,2.83144,2.078565,1.938286,1.690538,2.82243,1.66583,RECOVERY,RECOVERY,NEUTRAL,0.985462448684,1418920.0,74160.0,0.05514739,106100.0,1312820.0,0.925225,9,52,47,10,22,20,0,5,21,0
2023-04-04,124,133269452,126,PASS,134.820511,74.490695,23.883514,3.080493,2.076725,24.621378,2.084731,2.885531,1.697444,RANGE,RANGE,NEUTRAL,0.984871296746,1487930.0,69010.0,0.04863558,106100.0,1381830.0,0.928693,7,52,43,9,22,21,1,5,21,0
2023-04-05,125,136159137,126,PASS,119.707148,75.305481,14.575155,2.58568,8.054332,12.481618,2.028214,2.984404,1.692264,BEAR,BEAR,WEAK,0.984660336012,985730.0,-502200.0,-0.33751588,,985730.0,1.0,6,51,44,6,25,24,1,6,25,0
2023-04-06,126,135123567,126,PASS,122.680682,74.933754,19.88191,2.613557,2.192243,16.516354,2.008388,2.839921,1.694555,BEAR,BEAR,WEAK,0.98611995104,1513330.0,527600.0,0.53523784,527600.0,985730.0,0.651365,6,51,46,6,24,23,2,6,24,0
2023-04-07,127,125001133,130,PASS,110.863448,75.592115,16.156571,2.692938,8.130206,2.030539,1.71875,2.864949,1.67738,BEAR,BEAR,WEAK,0.987154391975,1584300.0,70970.0,0.04689658,530000.0,1054300.0,0.665467,6,51,44,7,24,23,2,4,24,0
2023-04-10,128,134512570,126,PASS,130.715688,75.553672,22.535604,3.078323,2.088655,20.797114,2.069846,2.882327,1.710147,CORRECTION,CORRECTION,WEAK,0.989567554361,1507460.0,-76840.0,-0.04850092,530000.0,977460.0,0.648415,7,52,46,8,24,22,1,5,23,0
2023-04-11,129,134794405,126,PASS,143.892802,76.024467,25.010208,2.900471,8.318597,24.910178,2.111584,2.929699,1.687598,CORRECTION,CORRECTION,NEUTRAL,0.98800783162,1496190.0,-11270.0,-0.00747615,536600.0,959590.0,0.641356,9,51,48,10,20,20,1,6,20,0
2023-04-12,130,129334881,126,PASS,142.946206,76.468035,23.399436,3.013068,8.314362,25.105372,2.088956,2.869431,1.687546,BULL,BULL,STRONG,0.98685045133,1492420.0,-3770.0,-0.00251973,354030.0,1138390.0,0.762781,9,51,40,10,19,17,2,5,17,0
2023-04-13,131,138298897,126,PASS,127.847397,76.417747,22.638344,2.814145,2.18337,16.760778,2.130446,3.183818,1.718749,RECOVERY,RECOVERY,NEUTRAL,0.981565471836,1278510.0,-213910.0,-0.14333097,,1278510.0,1.0,9,51,44,11,20,19,2,6,19,0
2023-04-14,132,127274238,126,PASS,137.571697,76.091907,22.663896,2.664364,8.491912,21.047497,2.071702,2.864229,1.67619,BULL,BULL,STRONG,0.981127034248,1487830.0,209320.0,0.16372183,209320.0,1278510.0,0.859312,10,52,40,11,21,20,2,6,21,0
2023-04-17,133,133464500,126,PASS,118.025801,78.168111,15.207319,2.557496,2.179286,13.042731,2.080636,3.046316,1.743906,BULL,BULL,STRONG,0.98113161729,1294740.0,-193090.0,-0.12977961,,1294740.0,1.0,9,52,42,9,24,23,2,6,24,0
2023-04-18,134,130953014,126,PASS,108.366398,78.153198,17.071659,2.58763,2.274378,1.878744,1.704543,2.949874,1.746372,BULL,BULL,STRONG,0.979476617398,1503460.0,208720.0,0.16120611,208720.0,1294740.0,0.861174,9,52,40,10,25,24,3,6,25,0
2023-04-19,135,126181116,126,PASS,142.458225,78.277744,26.248002,2.999372,2.170183,25.918403,2.143245,2.939873,1.761403,BULL,BULL,STRONG,0.983001457018,1463260.0,-40200.0,-0.02673832,208720.0,1254540.0,0.85736,9,52,41,11,23,19,2,8,20,0
2023-04-20,136,129603613,126,PASS,154.263033,78.044987,30.801188,3.168625,2.143868,33.33076,2.152311,2.918315,1.702979,BULL,BULL,STRONG,0.979241614001,1441120.0,-22140.0,-0.0151306,366050.0,1075070.0,0.745996,12,51,42,14,21,21,2,7,21,0
2023-04-21,137,126555389,126,PASS,144.209691,77.70159,24.722663,3.293841,2.142191,29.560641,2.106459,2.96841,1.713896,RECOVERY,RECOVERY,STRONG,0.983377756239,1433960.0,-7160.0,-0.00496836,474950.0,959010.0,0.668784,11,51,42,12,19,19,2,8,19,0
2023-04-24,138,124374539,126,PASS,140.174866,77.755036,19.694415,3.30253,2.134543,30.5232,2.126202,2.939378,1.699562,RECOVERY,RECOVERY,STRONG,0.984410554345,1504080.0,70120.0,0.04889955,458850.0,1045230.0,0.69493,8,52,44,9,22,22,3,8,22,0
2023-04-25,139,129301586,126,PASS,141.070587,78.036171,25.370298,3.367703,2.130576,25.387003,2.101855,2.956531,1.72045,BULL,BULL,STRONG,0.982576123731,1517980.0,13900.0,0.00924153,662290.0,855690.0,0.563703,10,52,48,11,26,25,2,8,25,0
2023-04-26,140,132088261,126,PASS,150.819159,78.282912,30.211475,3.406935,2.166225,29.973812,2.149512,2.933344,1.694944,RANGE,RANGE,NEUTRAL,0.982690909091,1562090.0,44110.0,0.02905835,378870.0,1183220.0,0.75746,9,52,45,12,25,24,2,8,24,0
2023-04-27,141,132756092,126,PASS,153.099418,79.901462,30.475534,3.583561,2.204686,30.112237,2.134916,2.959494,1.727528,RANGE,RANGE,NEUTRAL,0.985484264455,1548920.0,-13170.0,-0.00843101,290610.0,1258310.0,0.812379,8,51,46,11,25,25,2,7,25,0
2023-04-28,142,135289093,126,PASS,142.866849,78.919184,25.856303,2.973297,2.195442,25.840906,2.207578,3.168491,1.705648,RECOVERY,RECOVERY,STRONG,0.984933494559,1213400.0,-335520.0,-0.21661545,,1213400.0,1.0,10,51,42,11,27,27,3,8,27,0
2023-05-01,143,145962573,126,PASS,151.744175,79.06513,28.931377,3.08645,2.349167,31.082084,2.242035,3.262682,1.72525,RECOVERY,RECOVERY,NEUTRAL,0.988663282572,1330340.0,116940.0,0.09637383,,1330340.0,1.0,13,51,46,14,28,25,3,8,25,0
2023-05-02,144,138564764,126,PASS,134.768474,79.119382,21.127176,3.095808,2.324658,22.275112,2.128416,2.974347,1.723575,RECOVERY,RECOVERY,NEUTRAL,0.984113954611,1635060.0,304720.0,0.22905423,304720.0,1330340.0,0.813634,13,53,45,14,27,26,3,6,26,0
2023-05-08,145,135137223,126,PASS,135.661598,79.097598,22.319623,2.966206,2.187789,22.347024,2.096338,2.96943,1.67759,BULL,BULL,STRONG,0.982741116751,1648850.0,13790.0,0.00843394,296950.0,1351900.0,0.819905,12,55,46,13,27,26,4,7,27,0
2023-05-09,146,141863423,126,PASS,151.712443,79.814594,29.057627,3.244317,2.176317,30.516589,2.166419,3.013772,1.722808,BULL,BULL,STRONG,0.977823458283,1662940.0,14090.0,0.00854535,354910.0,1308030.0,0.786577,15,55,45,16,28,26,4,6,27,0
2023-05-10,147,140582034,126,PASS,124.163823,79.642437,18.707866,3.074835,2.239233,13.456782,2.147067,3.17122,1.724383,BULL,BULL,STRONG,0.982525448376,1479250.0,-183690.0,-0.11046099,,1479250.0,1.0,14,54,42,15,26,25,4,4,25,0
2023-05-11,148,138507082,126,PASS,138.594933,80.038117,24.066754,2.951479,2.285523,22.47966,2.12184,2.949962,1.701598,BULL,BULL,STRONG,0.984838160136,1668970.0,189720.0,0.12825418,189720.0,1479250.0,0.886325,15,54,44,16,25,24,4,5,25,0
2023-05-12,149,129874299,126,PASS,138.495435,81.157917,21.511481,4.065251,2.261686,22.661685,2.110462,2.993455,1.733498,BULL,BULL,STRONG,0.982902055623,1634490.0,-34480.0,-0.02065945,183450.0,1451040.0,0.887763,14,53,36,16,23,23,4,5,23,0
2023-05-15,150,133612378,126,PASS,173.446108,81.219246,28.368934,4.278457,2.251413,50.289074,2.285536,3.025977,1.727471,BULL,BULL,STRONG,0.982159172878,1593610.0,-40880.0,-0.02501086,202050.0,1391560.0,0.873212,7,52,39,8,26,26,4,5,26,0
2023-05-16,151,134727694,126,PASS,152.435604,81.289263,26.808686,3.136281,2.283882,31.871003,2.291398,3.007506,1.747585,BULL,BULL,STRONG,0.983272990587,1528740.0,-64870.0,-0.04070632,760650.0,768090.0,0.502433,10,53,43,10,30,29,4,5,29,0
2023-05-17,152,129730564,126,PASS,143.67483,82.105908,21.037158,3.0683,2.346498,28.074895,2.21278,3.075254,1.754037,BULL,BULL,NEUTRAL,0.984628378378,1552650.0,23910.0,0.01564033,494650.0,1058000.0,0.681416,8,53,38,8,29,29,4,6,29,0
2023-05-18,153,139421874,126,PASS,140.455965,81.340129,23.384632,2.705411,2.236965,23.482329,2.26031,3.265551,1.780638,BULL,BULL,NEUTRAL,0.981459186131,1244430.0,-308220.0,-0.19851222,,1244430.0,1.0,11,53,45,11,33,32,4,7,32,0
2023-05-19,154,143951282,126,PASS,133.52411,82.478567,19.475271,2.962484,2.369694,18.922449,2.234103,3.301303,1.780239,RECOVERY,RECOVERY,NEUTRAL,0.985318225651,1198140.0,-46290.0,-0.03719775,,1198140.0,1.0,11,53,42,11,31,30,5,6,30,0
2023-05-22,155,139110587,126,PASS,136.966573,82.414359,22.142136,3.194921,2.343444,19.452187,2.420873,3.253962,1.744691,BULL,BULL,STRONG,0.989347826087,1591810.0,393670.0,0.32856761,393670.0,1198140.0,0.75269,11,52,38,12,30,29,5,5,30,0
2023-05-23,156,132980775,126,PASS,140.820245,82.41415,22.930535,2.919178,2.163861,23.407984,2.130307,3.105783,1.748447,RECOVERY,RECOVERY,NEUTRAL,0.984995183044,1626160.0,34350.0,0.02157921,188870.0,1437290.0,0.883855,10,53,36,11,30,30,5,4,30,0
2023-05-24,157,139731645,126,PASS,137.159911,82.589742,23.454972,2.902795,2.164684,18.794906,2.202256,3.322087,1.728469,BULL,BULL,NEUTRAL,0.988972370334,1488950.0,-137210.0,-0.08437669,,1488950.0,1.0,12,53,40,13,32,31,5,4,31,0
2023-05-25,158,138495414,126,PASS,149.414357,82.388765,26.248477,3.192831,2.302388,28.120363,2.197735,3.169677,1.794121,RANGE,RANGE,NEUTRAL,0.988824383164,1635270.0,146320.0,0.09827059,146320.0,1488950.0,0.910522,11,53,35,13,27,27,3,3,27,0
2023-05-26,159,134544045,126,PASS,148.455452,83.913119,27.792876,3.359642,2.165999,23.897183,2.250684,3.216187,1.859762,RANGE,RANGE,NEUTRAL,0.989012315866,1647440.0,12170.0,0.0074422,320120.0,1327320.0,0.805686,12,53,38,14,26,25,4,4,25,0
2023-05-29,160,138594849,126,PASS,165.373922,82.921705,28.517883,3.685401,9.625906,33.494939,2.274149,3.125207,1.728732,BULL,BULL,NEUTRAL,0.986824324324,1650740.0,3300.0,0.00200311,120370.0,1530370.0,0.927081,12,52,40,14,25,25,4,5,25,0
2023-05-30,161,150113328,126,PASS,133.578055,83.090435,24.121473,2.623105,2.24556,14.187257,2.222325,3.35552,1.73238,BULL,BULL,NEUTRAL,0.98490428883,1607660.0,-43080.0,-0.02609739,,1607660.0,1.0,13,54,41,14,28,26,4,5,27,0
2023-05-31,162,154496825,126,PASS,145.596452,83.561182,25.59097,2.924535,2.413452,24.010399,2.225952,3.140156,1.729806,RANGE,RANGE,NEUTRAL,0.988095238095,1694330.0,86670.0,0.05391065,86670.0,1607660.0,0.948847,13,54,44,13,27,25,5,7,27,1
2023-06-01,163,135135739,126,PASS,120.178358,83.223386,15.889327,2.769338,9.837136,1.93511,1.740625,3.058335,1.725101,CORRECTION,CORRECTION,WEAK,0.98996110841,1675240.0,-19090.0,-0.01126699,87470.0,1587770.0,0.947787,13,54,40,13,26,25,5,6,26,0
2023-06-02,164,143602566,126,PASS,173.235896,83.508733,42.132316,3.725156,2.189477,34.491954,2.268209,3.188248,1.731803,RECOVERY,RECOVERY,NEUTRAL,0.989311682016,1649810.0,-25430.0,-0.01517991,87470.0,1562340.0,0.946982,10,55,41,17,25,24,5,6,24,0
2023-06-05,165,154622934,126,PASS,200.835506,83.615686,42.884687,3.432816,9.826232,53.599971,2.404079,3.323889,1.748146,RECOVERY,RECOVERY,NEUTRAL,0.988856729378,1479490.0,-170320.0,-0.10323613,,1479490.0,1.0,15,54,43,17,24,22,5,6,22,0
2023-06-06,166,147732806,126,PASS,141.781421,84.588252,21.944511,3.248761,9.991669,14.616493,2.268355,3.354622,1.768758,RECOVERY,RECOVERY,NEUTRAL,0.986936500242,1521550.0,42060.0,0.02842872,,1521550.0,1.0,16,56,43,17,25,25,5,7,25,0
2023-06-07,167,163130150,126,PASS,156.123648,84.480207,28.17276,3.578478,2.424797,29.898667,2.346857,3.461025,1.760857,RECOVERY,RECOVERY,NEUTRAL,0.986773255814,1424110.0,-97440.0,-0.06403996,,1424110.0,1.0,14,57,41,16,23,23,4,5,23,0
2023-06-08,168,137574699,126,PASS,153.003489,85.167396,22.879307,3.216305,10.166261,24.39541,2.260356,3.152462,1.765992,RECOVERY,RECOVERY,NEUTRAL,0.983171442448,1675470.0,251360.0,0.17650322,251360.0,1424110.0,0.849976,14,57,36,15,27,27,4,6,27,0
2023-06-09,169,142155798,126,PASS,152.015028,84.919207,24.447185,3.496983,2.181116,29.792615,2.266642,3.163005,1.748275,RECOVERY,RECOVERY,NEUTRAL,0.989290917921,1654680.0,-20790.0,-0.01240846,114460.0,1540220.0,0.930827,13,57,40,14,27,27,4,5,27,0
2023-06-12,170,144041133,126,PASS,152.886318,86.229114,29.377233,3.343233,2.280804,24.40117,2.281664,3.216565,1.756535,BULL,BULL,NEUTRAL,0.992713628661,1687390.0,32710.0,0.01976817,266160.0,1421230.0,0.842265,13,57,43,16,25,25,4,5,25,0
2023-06-13,171,141161411,126,PASS,165.791876,86.839752,28.092898,3.314681,10.33487,29.962886,2.267745,3.240104,1.73894,BULL,BULL,NEUTRAL,0.987648054146,1702630.0,15240.0,0.0090317,169060.0,1533570.0,0.900707,16,56,38,17,24,22,3,4,22,0
2023-06-14,172,154599415,126,PASS,157.355729,86.756453,31.279026,3.969292,2.218547,25.713393,2.328316,3.348634,1.742068,BULL,BULL,STRONG,0.988845968131,1251920.0,-450710.0,-0.264714,,1251920.0,1.0,13,55,40,17,19,18,2,1,18,0
2023-06-15,173,159878468,126,PASS,194.310793,85.939264,44.520049,3.889214,2.352017,50.088017,2.406481,3.353934,1.761817,BULL,BULL,STRONG,0.986496262358,1480950.0,229030.0,0.182943,,1480950.0,1.0,15,54,43,18,19,16,3,2,17,0
2023-06-16,174,148535404,126,PASS,191.169353,86.382093,41.977823,4.511643,10.298158,40.625416,2.369157,3.251743,1.75332,BULL,BULL,STRONG,0.987665942554,1697470.0,216520.0,0.14620345,216520.0,1480950.0,0.872445,13,53,42,20,20,19,2,4,19,0
2023-06-19,175,150309603,126,PASS,162.161277,86.871884,31.758157,3.476889,2.186519,30.48498,2.273328,3.336513,1.773007,BULL,BULL,STRONG,0.989036144578,1746740.0,49270.0,0.02902555,500520.0,1246220.0,0.713455,13,53,46,17,20,20,2,5,20,0
2023-06-20,176,147827317,126,PASS,154.461827,86.998687,26.072725,3.433495,10.445484,20.280008,2.228847,3.262579,1.740002,BULL,BULL,STRONG,0.990188496858,1767640.0,20900.0,0.01196515,180020.0,1587620.0,0.898158,13,52,41,13,23,22,2,4,23,1
2023-06-21,177,158725622,126,PASS,153.092454,86.97309,27.464931,3.128944,2.211377,25.623397,2.421178,3.480986,1.788551,BULL,BULL,STRONG,0.98916303822,1279440.0,-488200.0,-0.27618746,,1279440.0,1.0,12,52,39,13,24,22,2,5,22,1
2023-06-22,178,153169173,126,PASS,143.735403,87.413071,22.806811,3.037803,2.447039,20.662227,2.261408,3.347153,1.759891,BULL,BULL,STRONG,0.988006756757,1571170.0,291730.0,0.22801382,,1571170.0,1.0,14,52,34,14,22,22,2,3,22,0
2023-06-23,179,148263598,126,PASS,173.173497,87.851644,30.217416,3.752501,2.366718,41.570499,2.331783,3.33561,1.747326,BULL,BULL,STRONG,0.988543922984,1720990.0,149820.0,0.09535569,149820.0,1571170.0,0.912945,14,52,39,16,22,22,2,3,22,0
2023-06-26,180,141872192,126,PASS,172.585871,87.930511,23.702425,4.186781,2.280435,47.047764,2.337223,3.318355,1.782377,BULL,BULL,STRONG,0.990040993489,1714660.0,-6330.0,-0.00367812,442170.0,1272490.0,0.742124,14,52,40,15,24,23,2,4,23,0
2023-06-27,181,145481252,126,PASS,169.248327,88.134755,26.740236,3.824178,2.271637,40.840338,2.35403,3.311164,1.771989,BULL,BULL,STRONG,0.987306576402,1712070.0,-2590.0,-0.0015105,244570.0,1467500.0,0.85715,15,53,40,16,25,25,2,4,25,0
2023-06-28,182,149176491,126,PASS,174.524854,88.800616,26.908901,3.956657,10.843251,36.654584,2.308987,3.305684,1.746174,BULL,BULL,STRONG,0.985264940721,1726560.0,14490.0,0.00846344,211130.0,1515430.0,0.877716,16,52,42,17,24,22,2,5,24,0
2023-06-29,183,153025822,126,PASS,164.078486,89.040491,25.203626,4.136807,2.228261,36.094505,2.308695,3.290935,1.775166,BULL,BULL,STRONG,0.986600436152,1757750.0,31190.0,0.01806482,118630.0,1639120.0,0.93251,14,52,45,16,22,21,2,4,22,0
2023-06-30,184,150619343,126,PASS,168.874634,88.949722,29.220036,3.727351,2.250752,37.292816,2.321563,3.341817,1.770577,BULL,BULL,STRONG,0.985783365571,1757340.0,-410.0,-0.00023325,170450.0,1586890.0,0.903007,12,52,48,14,26,24,2,4,25,0
2023-07-03,185,158718460,126,PASS,152.956042,89.277583,25.872953,2.976623,10.947129,16.194032,2.385039,3.508411,1.794272,BULL,BULL,STRONG,0.986729061675,1690750.0,-66590.0,-0.0378925,,1690750.0,1.0,13,52,42,14,25,23,3,5,24,0
2023-07-04,186,146791287,126,PASS,149.541061,91.040952,20.333873,3.422105,11.246502,16.241581,2.25125,3.277445,1.727353,BULL,BULL,STRONG,0.984365994236,1762130.0,71380.0,0.04221795,71380.0,1690750.0,0.959492,12,52,44,14,27,26,4,7,27,0
2023-07-05,187,143392692,126,PASS,141.790141,92.082214,20.37841,3.061256,2.369555,16.243183,2.334545,3.508122,1.812856,BULL,BULL,STRONG,0.983811129848,1607220.0,-154910.0,-0.08791065,,1607220.0,1.0,13,53,38,13,28,28,5,7,28,0
2023-07-06,188,151214919,126,PASS,157.988893,90.756702,27.562211,3.458587,2.388822,26.456303,2.295016,3.298286,1.772966,BULL,BULL,STRONG,0.981135707411,1768600.0,161380.0,0.1004094,161380.0,1607220.0,0.908753,14,54,41,15,24,23,5,4,24,0
2023-07-07,189,147434922,126,PASS,159.209246,90.534815,28.634962,3.450356,2.20373,27.059237,2.293581,3.284848,1.747717,BULL,BULL,STRONG,0.983264911857,1753430.0,-15170.0,-0.00857741,171680.0,1581750.0,0.902089,13,54,36,15,24,24,5,4,24,0
2023-07-10,190,162416191,126,PASS,154.424043,90.075983,29.371751,3.414411,2.210573,21.639796,2.390229,3.49205,1.82925,RANGE,RANGE,NEUTRAL,0.9885466795,1723040.0,-30390.0,-0.01733174,,1723040.0,1.0,15,55,44,17,20,20,6,3,20,0
2023-07-11,191,178285310,126,PASS,147.141858,90.386414,25.581358,4.399705,2.401682,16.596353,2.402128,3.523496,1.850722,RANGE,RANGE,NEUTRAL,0.988344594595,1492470.0,-230570.0,-0.13381581,,1492470.0,1.0,14,57,38,16,19,17,4,2,18,0
2023-07-12,192,166391365,126,PASS,200.061971,90.452436,46.070793,4.565001,2.393462,49.00438,2.385456,3.400513,1.78993,RANGE,RANGE,NEUTRAL,0.986993243243,1742750.0,250280.0,0.16769516,250280.0,1492470.0,0.856388,13,57,40,18,16,16,3,3,16,0
2023-07-13,193,160858905,126,PASS,158.7044,90.768889,28.092001,3.530517,2.285237,26.61631,2.330376,3.29296,1.78811,RANGE,RANGE,NEUTRAL,0.988468992248,1730410.0,-12340.0,-0.00708076,416380.0,1314030.0,0.759375,14,56,39,15,16,15,4,4,16,0
2023-07-14,194,170863428,126,PASS,162.785094,91.468288,28.224583,3.836578,2.266099,27.697421,2.287943,5.208008,1.796174,CORRECTION,CORRECTION,NEUTRAL,0.986782861293,1735740.0,5330.0,0.00308019,144380.0,1591360.0,0.916819,11,59,41,13,14,13,3,3,14,0
2023-07-18,195,156595339,126,PASS,188.898186,91.724805,36.519996,3.268822,11.414772,38.400719,2.41729,3.387201,1.764581,CORRECTION,CORRECTION,NEUTRAL,0.988693346191,1727150.0,-8590.0,-0.0049489,647280.0,1079870.0,0.625232,13,56,47,16,17,16,3,4,16,0
2023-07-19,196,153906794,126,PASS,169.386829,91.943652,28.286914,3.492625,11.426925,26.819778,2.30693,3.329467,1.780538,RECOVERY,RECOVERY,NEUTRAL,0.984676449363,1717450.0,-9700.0,-0.00561619,404780.0,1312670.0,0.764313,14,57,36,15,17,15,4,4,17,0
2023-07-20,197,174884585,126,PASS,190.807109,91.979766,40.030181,3.413388,2.231082,43.108585,2.557091,5.595354,1.891662,RANGE,RANGE,NEUTRAL,0.985479980704,1549390.0,-168060.0,-0.09785438,,1549390.0,1.0,18,58,44,20,20,19,5,5,19,0
2023-07-21,198,167578951,126,PASS,179.907488,92.307333,34.228158,4.593412,2.421897,38.873,2.374081,3.338536,1.771071,RANGE,RANGE,NEUTRAL,0.985257806826,1722520.0,173130.0,0.11174075,173130.0,1549390.0,0.89949,17,58,41,19,17,16,4,4,16,0
2023-07-24,199,167155685,126,PASS,189.962666,92.259163,39.501002,3.538603,2.289723,44.340758,2.574444,3.570401,1.888572,RECOVERY,RECOVERY,NEUTRAL,0.984485666105,1328860.0,-393660.0,-0.22853726,,1328860.0,1.0,17,57,40,20,19,17,5,3,17,0
2023-07-25,200,173067820,126,PASS,164.1487,92.437657,30.409953,3.272581,2.470121,27.634429,2.498703,3.538228,1.887028,RECOVERY,RECOVERY,NEUTRAL,0.986519017814,1519550.0,190690.0,0.14349894,,1519550.0,1.0,20,57,36,21,17,17,5,4,17,0
2023-07-26,201,163484170,126,PASS,182.685105,93.569635,33.397468,4.589665,2.498826,39.107131,2.462505,5.300029,1.759846,RECOVERY,RECOVERY,STRONG,0.987134220073,1732300.0,212750.0,0.14000856,212750.0,1519550.0,0.877186,20,59,40,22,17,17,5,4,17,0
2023-07-27,202,156147755,126,PASS,163.013956,94.083959,26.510905,4.394648,2.435774,27.994941,2.379139,3.430391,1.784199,RECOVERY,RECOVERY,NEUTRAL,0.983968177435,1737440.0,5140.0,0.00296715,223830.0,1513610.0,0.871173,20,59,40,21,19,18,3,5,18,0
2023-07-28,203,157105619,126,PASS,178.354957,95.052142,28.821988,4.457328,2.413599,39.998332,2.441056,3.380615,1.789897,RECOVERY,RECOVERY,NEUTRAL,0.985117178062,1751580.0,14140.0,0.00813841,137930.0,1613650.0,0.921254,18,59,43,19,21,19,5,6,20,0
2023-07-31,204,158303563,126,PASS,168.87978,94.779174,32.288602,3.972771,2.322667,27.954634,2.438493,3.345354,1.778085,RECOVERY,RECOVERY,NEUTRAL,0.985525366675,1754130.0,2550.0,0.00145583,222930.0,1531200.0,0.872911,19,58,36,21,22,20,4,5,20,0
2023-08-01,205,161317151,126,PASS,161.932754,93.264468,31.936658,4.188596,2.286429,22.752746,2.377862,3.372059,1.753936,RECOVERY,RECOVERY,NEUTRAL,0.990240384615,1767660.0,13530.0,0.00771323,93830.0,1673830.0,0.946919,19,58,38,22,18,17,3,4,17,0
2023-08-02,206,157879071,126,PASS,179.371086,94.209752,31.794018,4.40073,2.286286,38.9854,2.488553,3.400283,1.806064,RANGE,RANGE,NEUTRAL,0.987855421687,1766490.0,-1170.0,-0.00066189,190030.0,1576460.0,0.892425,18,58,43,19,21,21,5,5,21,0
2023-08-03,207,158609595,126,PASS,161.914303,94.168297,24.56152,4.304738,2.279563,29.014065,2.411088,3.399404,1.775628,CORRECTION,CORRECTION,WEAK,0.988330514617,1749340.0,-17150.0,-0.00970852,226530.0,1522810.0,0.870505,15,57,45,17,21,20,5,5,21,0
2023-08-04,208,158903577,126,PASS,190.632262,94.546604,31.884097,4.196871,12.115594,40.211014,2.498084,3.402451,1.777547,CORRECTION,CORRECTION,NEUTRAL,0.989648484848,1739300.0,-10040.0,-0.00573931,442230.0,1297070.0,0.745743,14,56,48,15,21,18,3,6,19,0
2023-08-07,209,159477030,126,PASS,181.921752,94.78158,33.270829,4.484051,2.341809,39.441912,2.460092,3.372846,1.768633,RANGE,RANGE,NEUTRAL,0.987334137515,1754570.0,15270.0,0.00877939,549530.0,1205040.0,0.686801,13,57,43,16,24,23,3,6,23,0
2023-08-08,210,151892218,126,PASS,165.626295,94.529405,28.828133,3.513072,2.343506,28.769539,2.449932,3.403754,1.788954,RANGE,RANGE,NEUTRAL,0.990181378476,1767430.0,12860.0,0.00732943,279130.0,1488300.0,0.84207,14,54,38,15,22,22,4,5,22,0
2023-08-09,211,159948633,126,PASS,183.3368,95.285871,38.934511,4.169625,2.286997,35.011493,2.461576,3.387717,1.79901,RANGE,RANGE,NEUTRAL,0.987639090469,1752590.0,-14840.0,-0.00839637,106230.0,1646360.0,0.939387,12,54,39,18,19,18,4,5,19,0
2023-08-10,212,159571630,126,PASS,181.789631,95.442505,31.773966,3.621538,2.315811,40.546553,2.604335,3.596087,1.888836,RECOVERY,RECOVERY,NEUTRAL,0.984830243198,1205700.0,-546890.0,-0.31204674,,1205700.0,1.0,15,54,36,15,20,19,6,6,19,0
2023-08-14,213,158784210,126,PASS,190.106208,94.925086,33.574737,4.604331,2.452912,46.780156,2.514515,3.447748,1.806723,RECOVERY,RECOVERY,NEUTRAL,0.981870503597,1750380.0,544680.0,0.45175417,544680.0,1205700.0,0.688822,13,55,33,14,19,19,5,2,19,0
2023-08-15,214,165001934,126,PASS,186.336226,95.430905,35.291536,4.509306,2.353097,40.966269,2.57959,3.433479,1.772044,RANGE,RANGE,NEUTRAL,0.984980713597,1757270.0,6890.0,0.00393629,538740.0,1218530.0,0.693422,12,56,45,14,22,21,5,4,22,0
2023-08-16,215,157316113,126,PASS,186.53084,95.93246,35.228558,3.894775,2.403767,41.234421,2.515835,3.514923,1.806101,CORRECTION,CORRECTION,NEUTRAL,0.987654022711,1752820.0,-4450.0,-0.00253234,317270.0,1435550.0,0.818995,11,56,41,13,23,22,6,3,22,0
2023-08-17,216,159431537,126,PASS,178.838767,96.438974,29.605825,3.339461,12.430152,29.290926,2.519794,3.416435,1.7972,CORRECTION,CORRECTION,NEUTRAL,0.98718381113,1746780.0,-6040.0,-0.00344588,469770.0,1277010.0,0.731065,12,56,48,13,23,21,4,3,22,0
2023-08-18,217,167211657,126,PASS,199.790701,96.324059,43.965087,4.454346,12.366977,34.782357,2.515337,3.487879,1.894659,CORRECTION,CORRECTION,WEAK,0.987995169082,1729140.0,-17640.0,-0.01009858,363120.0,1366020.0,0.79,10,56,45,16,19,18,3,1,19,0
2023-08-21,218,165423785,126,PASS,209.27834,97.373019,40.621781,3.88923,12.738379,46.476137,2.608853,3.615789,1.955152,CORRECTION,CORRECTION,WEAK,0.988720538721,1716640.0,-12500.0,-0.00722903,716820.0,999820.0,0.582428,10,53,47,13,21,21,4,3,21,0
2023-08-22,219,160380709,126,PASS,181.324655,98.419731,29.787422,3.152138,12.654604,29.330006,2.587154,3.487667,1.905933,CORRECTION,CORRECTION,WEAK,0.98932978466,1722880.0,6240.0,0.00363501,769170.0,953710.0,0.553556,11,52,45,12,21,20,5,1,20,0
2023-08-23,220,155858922,126,PASS,171.915605,97.832904,27.850433,2.671035,12.439563,23.239923,2.480746,3.543017,1.857984,RANGE,RANGE,NEUTRAL,0.990348330914,1575430.0,-147450.0,-0.08558344,,1575430.0,1.0,13,52,36,14,25,24,5,3,24,0
2023-08-24,221,159926452,126,PASS,133.794324,96.696786,22.679213,2.987957,2.425119,2.055181,1.777214,3.392382,1.780472,RANGE,RANGE,NEUTRAL,0.989828045532,1776600.0,201170.0,0.12769212,201170.0,1575430.0,0.886767,13,52,39,14,23,23,5,2,23,0
2023-08-25,222,154401898,126,PASS,178.707309,97.362158,32.430548,3.349948,2.264025,35.390649,2.575079,3.455039,1.879863,RANGE,RANGE,NEUTRAL,0.988009650181,1763180.0,-13420.0,-0.00755375,201170.0,1562010.0,0.885905,15,52,42,16,21,19,4,2,19,0
2023-08-28,223,164722632,126,PASS,163.019382,97.53543,28.448332,3.325082,2.274432,23.408831,2.517123,3.633878,1.876274,RECOVERY,RECOVERY,NEUTRAL,0.988038507822,1662790.0,-100390.0,-0.0569369,,1662790.0,1.0,17,53,38,18,19,19,4,2,19,0
2023-08-29,224,164160307,126,PASS,168.484311,97.016298,33.501587,3.712122,2.397719,24.106122,2.454223,3.434486,1.861754,RECOVERY,RECOVERY,NEUTRAL,0.988527355989,1759260.0,96470.0,0.05801695,96470.0,1662790.0,0.945164,17,54,43,20,19,19,4,3,19,0
2023-08-30,225,169268896,126,PASS,164.431953,97.399754,28.748205,4.249785,2.273599,23.69229,2.527396,3.66092,1.880004,RECOVERY,RECOVERY,NEUTRAL,0.987872954764,1660350.0,-98910.0,-0.0562225,,1660350.0,1.0,19,53,41,20,18,17,5,3,17,0
2023-08-31,226,164071567,126,PASS,161.233362,98.225301,24.744281,4.248468,2.423677,23.757816,2.497898,3.435693,1.900228,RECOVERY,RECOVERY,NEUTRAL,0.988018322083,1779750.0,119400.0,0.07191255,119400.0,1660350.0,0.932912,19,54,43,19,15,15,4,3,15,0
2023-09-01,227,162667491,126,PASS,180.009983,97.620666,31.703562,4.050744,2.260732,36.466943,2.577869,3.446963,1.882504,BULL,BULL,STRONG,0.986846543002,1785420.0,5670.0,0.00318584,107030.0,1678390.0,0.940053,19,54,46,19,16,16,4,3,16,0
2023-09-04,228,162509601,126,PASS,163.18151,98.550765,26.111241,3.967799,2.291904,24.284677,2.505444,3.621785,1.847895,BULL,BULL,STRONG,0.985395683453,1734610.0,-50810.0,-0.02845829,,1734610.0,1.0,21,54,43,21,20,20,7,5,20,0
2023-09-05,229,167961799,126,PASS,182.82344,98.833896,32.375223,4.91599,2.379892,36.395027,2.565735,3.491086,1.866591,BULL,BULL,STRONG,0.98886746988,1811190.0,76580.0,0.04414825,76580.0,1734610.0,0.957718,21,56,44,22,20,20,6,6,20,0
2023-09-06,230,175796025,126,PASS,167.489222,98.262641,29.479131,4.967733,2.283942,24.425181,2.523001,3.679745,1.867848,BULL,BULL,STRONG,0.987030798845,1764130.0,-47060.0,-0.02598292,,1764130.0,1.0,23,56,41,24,22,19,5,5,20,0
2023-09-07,231,174182488,126,PASS,196.060675,99.130037,37.146351,5.893183,2.502585,43.493133,2.553519,3.457944,1.883923,BULL,BULL,STRONG,0.98851628468,1821810.0,57680.0,0.032696,57680.0,1764130.0,0.968339,20,58,38,24,21,20,6,5,20,0
2023-09-08,232,164367369,126,PASS,198.977294,99.349454,35.136066,4.694162,2.343962,49.425124,2.594112,3.531567,1.902847,BULL,BULL,STRONG,0.989708363461,1853840.0,32030.0,0.01758142,278610.0,1575230.0,0.849712,18,59,42,19,23,23,7,3,23,0
2023-09-11,233,162829322,126,PASS,175.180433,99.297274,30.068478,4.663613,2.372836,30.887408,2.518224,3.493803,1.878797,BULL,BULL,STRONG,0.994441770934,1846730.0,-7110.0,-0.00383528,314910.0,1531820.0,0.829477,19,58,44,21,24,23,8,3,23,0
2023-09-12,234,163947349,126,PASS,186.332349,99.722326,34.413153,5.28753,2.349089,36.562796,2.577562,3.524366,1.895527,BULL,BULL,STRONG,0.989017620082,1843020.0,-3710.0,-0.00200896,115210.0,1727810.0,0.937488,17,59,40,19,25,25,6,5,25,0
2023-09-13,235,165866197,126,PASS,193.038343,99.966148,41.413767,4.985636,2.310434,36.429357,2.56413,3.509506,1.859365,BULL,BULL,STRONG,0.98802698145,1836750.0,-6270.0,-0.00340202,273010.0,1563740.0,0.851362,17,58,40,21,26,24,6,5,24,0
2023-09-14,236,159809038,126,PASS,168.066114,99.5722,28.909084,4.008043,2.338405,25.198784,2.578901,3.561637,1.89906,BULL,BULL,STRONG,0.98803562831,1838310.0,1560.0,0.00084933,235910.0,1602400.0,0.87167,17,58,34,18,27,27,6,3,27,0
2023-09-15,237,160333965,126,PASS,203.022387,101.938993,36.163756,4.945702,2.333763,49.517145,2.656318,3.560126,1.906584,BULL,BULL,STRONG,0.986729061675,1841450.0,3140.0,0.00170809,241710.0,1599740.0,0.868739,15,57,38,16,25,24,6,2,24,0
2023-09-19,238,170882632,126,PASS,179.871994,102.076319,31.656106,4.051604,2.410663,31.393467,2.627402,3.738923,1.91751,BULL,BULL,STRONG,0.989770004792,1669610.0,-171840.0,-0.09331777,,1669610.0,1.0,16,56,45,17,26,26,6,3,26,0
2023-09-20,239,171381831,126,PASS,214.653755,100.927811,41.534367,4.683103,2.416529,56.935848,2.678145,3.566649,1.911303,BULL,BULL,STRONG,0.985861986054,1850860.0,181250.0,0.10855829,181250.0,1669610.0,0.902073,15,55,42,17,25,25,6,3,25,0
2023-09-21,240,165459841,126,PASS,205.55339,100.893828,40.104605,5.014385,2.307186,49.184135,2.632187,3.549176,1.867888,BULL,BULL,STRONG,0.985882352941,1845340.0,-5520.0,-0.0029824,312930.0,1532410.0,0.830421,15,54,46,17,26,26,7,4,26,0
2023-09-22,241,171902626,126,PASS,219.552459,101.452591,45.764793,4.791604,2.29338,56.996947,2.752123,3.608803,1.892218,BULL,BULL,STRONG,0.985734835771,1831770.0,-13570.0,-0.00735366,273080.0,1558690.0,0.85092,16,54,44,19,28,27,8,5,27,0
2023-09-25,242,164652361,126,PASS,214.645383,101.992434,38.738339,5.650435,2.346784,57.817496,2.695994,3.538881,1.86502,BULL,BULL,STRONG,0.987281855128,1837610.0,5840.0,0.00318817,269660.0,1567950.0,0.853255,14,54,43,16,29,29,8,6,29,0
2023-09-26,243,167197401,126,PASS,219.897311,101.488832,38.429452,5.363067,2.351732,64.05778,2.738249,3.587674,1.880525,BULL,BULL,STRONG,0.98877453327,1832940.0,-4670.0,-0.00254134,745970.0,1086970.0,0.59302,13,51,43,14,27,26,7,5,26,0
2023-09-27,244,167415911,126,PASS,220.128981,101.475383,38.635228,5.028815,2.382107,64.390149,2.726532,3.590753,1.900014,BULL,BULL,STRONG,0.987580915848,1840350.0,7410.0,0.00404269,614050.0,1226300.0,0.666341,12,51,42,13,28,27,6,6,27,0
2023-09-28,245,166567923,126,PASS,206.384136,102.604563,37.283104,4.472336,2.418407,51.351824,2.71739,3.610217,1.926295,RECOVERY,RECOVERY,NEUTRAL,0.989248860091,1868050.0,27700.0,0.01505148,610570.0,1257480.0,0.673151,12,51,43,13,33,32,8,7,32,0
2023-09-29,246,160422865,126,PASS,184.771158,102.497797,28.196976,4.641522,2.367335,38.984626,2.612981,3.581148,1.888773,RANGE,RANGE,NEUTRAL,0.988047138047,1859870.0,-8180.0,-0.0043789,883670.0,976200.0,0.524875,10,51,41,10,33,33,8,8,33,0
2023-10-02,247,159972583,126,PASS,184.10839,102.960108,28.280829,4.415914,2.397366,38.007026,2.615097,3.573766,1.858284,CORRECTION,CORRECTION,NEUTRAL,0.988084392232,1848850.0,-11020.0,-0.00592515,957570.0,891280.0,0.482073,8,52,41,8,35,35,9,8,35,0
2023-10-03,248,161079558,126,PASS,201.484124,102.622139,32.584938,4.103465,2.379338,51.663668,2.683301,3.586406,1.860869,BEAR,BEAR,WEAK,0.988095808383,1834440.0,-14410.0,-0.00779403,991570.0,842870.0,0.45947,6,52,43,6,36,36,9,9,36,0
2023-10-04,249,160271856,126,PASS,180.71763,103.001423,31.494763,3.432298,2.35293,32.364305,2.584416,3.614645,1.87285,BEAR,BEAR,WEAK,0.985618729097,1861520.0,27080.0,0.014762,923550.0,937970.0,0.503873,7,51,43,8,37,37,10,9,37,0
2023-10-05,250,163385358,126,PASS,199.37883,103.625594,37.5314,3.858886,14.686382,31.569856,2.638251,3.577526,1.890935,BEAR,BEAR,WEAK,0.987896253602,1818850.0,-42670.0,-0.02292213,615450.0,1203400.0,0.661627,8,50,47,11,36,34,9,8,34,0
2023-10-06,251,169325950,126,PASS,184.844926,103.719528,30.085315,3.196925,14.035551,25.372947,2.737577,3.758743,1.93834,BEAR,BEAR,WEAK,0.985996625693,1196960.0,-621890.0,-0.34191385,,1196960.0,1.0,10,50,46,11,33,32,9,8,32,0
2023-10-10,252,169118932,126,PASS,175.725735,103.539233,27.27446,3.176909,14.190766,19.19594,2.712922,3.746477,1.889028,BEAR,BEAR,WEAK,0.985745088644,1237260.0,40300.0,0.03366863,,1237260.0,1.0,11,52,47,12,34,33,9,7,33,0
2023-10-11,253,168631075,126,PASS,177.994945,105.154581,26.104654,3.89448,14.389176,20.142154,2.597922,3.819045,1.892933,BEAR,BEAR,WEAK,0.988192771084,1167640.0,-69620.0,-0.0562695,,1167640.0,1.0,10,52,44,11,30,30,10,7,30,0
2023-10-12,254,173913141,126,PASS,210.717722,106.072751,38.473071,3.547485,14.394801,39.521364,2.801958,3.962674,1.943618,BEAR,BEAR,WEAK,0.988568683958,1016590.0,-151050.0,-0.1293635,,1016590.0,1.0,12,52,46,14,29,27,10,8,27,0
2023-10-13,255,169640389,126,PASS,228.878513,105.937634,42.900901,4.637084,14.140087,52.951859,2.725084,3.674245,1.911619,BEAR,BEAR,WEAK,0.987037037037,1799570.0,782980.0,0.77020234,782980.0,1016590.0,0.564907,12,54,44,16,26,26,8,7,26,0
2023-10-16,256,170502553,126,PASS,254.866329,105.212903,46.350038,5.617826,14.578618,74.363206,2.936919,3.822915,1.983904,BEAR,BEAR,WEAK,0.983740421456,950410.0,-849160.0,-0.47186828,,950410.0,1.0,9,53,42,11,24,24,8,6,24,0
2023-10-17,257,176890285,126,PASS,215.135128,107.977098,40.56555,3.641063,14.909662,39.229847,2.885898,3.976079,1.949931,BEAR,BEAR,WEAK,0.988209817132,1262840.0,312430.0,0.32873181,,1262840.0,1.0,13,51,49,15,27,26,9,8,26,0
2023-10-18,258,164139120,126,PASS,202.371695,107.333469,33.941505,4.261024,14.792934,33.886602,2.63344,3.633287,1.889434,BEAR,BEAR,WEAK,0.987149758454,1858420.0,595580.0,0.47161952,595580.0,1262840.0,0.679523,12,51,42,14,22,20,8,7,20,0
2023-10-19,259,165755599,126,PASS,214.284448,104.990159,36.566287,3.90148,14.29555,46.216222,2.719027,3.671158,1.924565,BEAR,BEAR,WEAK,0.987870036101,1854490.0,-3930.0,-0.0021147,944280.0,910210.0,0.490814,13,52,45,14,25,24,9,7,24,0
2023-10-20,260,175707045,126,PASS,236.813121,105.631701,42.90574,5.552001,14.356695,60.005814,2.77857,3.678293,1.904307,BEAR,BEAR,WEAK,0.986548162383,1837270.0,-17220.0,-0.00928557,780980.0,1056290.0,0.574924,12,52,42,14,22,21,9,5,21,0
2023-10-23,261,173997671,126,PASS,255.991276,105.78249,47.893395,5.111509,14.433843,74.27099,2.877961,3.691685,1.929403,BEAR,BEAR,WEAK,0.98973310892,670960.0,-1166310.0,-0.63480599,,670960.0,1.0,11,53,45,13,26,26,9,5,26,0
2023-10-24,262,166510210,126,PASS,213.370973,106.318924,34.031307,4.279054,14.538119,45.920118,2.731243,3.643829,1.908379,BEAR,BEAR,WEAK,0.987589841878,1840450.0,1169490.0,1.74301002,1169490.0,670960.0,0.364563,12,54,45,12,31,31,11,6,31,0
2023-10-25,263,174325327,126,PASS,191.689939,106.782166,27.996159,4.544895,2.389257,41.427262,2.788144,3.851923,1.910133,BEAR,BEAR,WEAK,0.984041276698,487070.0,-1353380.0,-0.73535277,,487070.0,1.0,8,54,45,8,34,34,10,6,34,0
2023-10-26,264,172876576,126,PASS,175.511911,106.224504,28.308024,3.16557,2.536578,26.865464,2.745823,3.765307,1.900641,BEAR,BEAR,WEAK,0.985059952038,598290.0,111220.0,0.228345,,598290.0,1.0,10,53,45,10,35,34,10,6,34,0
2023-10-27,265,174409732,126,PASS,205.723193,107.131802,37.024337,4.098074,2.479884,46.303187,2.862674,3.792087,2.031148,BEAR,BEAR,WEAK,0.98734939759,1800480.0,1202190.0,2.00937672,1202190.0,598290.0,0.332295,13,53,48,13,33,32,11,6,32,0
2023-10-30,266,169229123,126,PASS,222.295607,112.539847,36.069291,5.172253,2.70129,57.002497,2.857163,3.714642,2.238624,BEAR,BEAR,WEAK,0.985528846154,1808230.0,7750.0,0.00430441,936290.0,871940.0,0.482206,11,54,45,11,35,35,11,6,35,0
2023-10-31,267,164845784,126,PASS,194.342194,112.874944,29.925526,4.071245,2.681232,35.671522,3.0291,3.953811,2.134814,BEAR,BEAR,WEAK,0.989700916546,1799180.0,-9050.0,-0.00500489,921690.0,877490.0,0.487717,10,54,44,10,37,37,12,5,37,0
2023-11-01,268,163098426,126,PASS,185.682305,114.647367,27.470648,3.270993,2.62657,28.798805,3.006958,3.800327,2.060637,RANGE,RANGE,NEUTRAL,0.987763409962,1807820.0,8640.0,0.00480219,1169490.0,638330.0,0.353094,10,54,46,10,39,38,13,7,38,0
2023-11-02,269,171185501,126,PASS,174.138439,109.987198,26.789535,3.220399,2.581433,21.97149,3.004623,4.364284,2.219477,RECOVERY,RECOVERY,STRONG,0.988752997602,829510.0,-978310.0,-0.54115454,,829510.0,1.0,11,54,46,11,39,39,13,6,39,0
2023-11-06,270,171058937,126,PASS,188.045282,109.084177,27.728239,4.356455,2.555996,35.12821,2.920623,4.123491,2.148091,RECOVERY,RECOVERY,NEUTRAL,0.985775759025,1825400.0,995890.0,1.20057624,995890.0,829510.0,0.454426,11,54,44,11,37,37,12,5,37,0
2023-11-07,271,178206031,126,PASS,209.088314,113.520574,36.714423,3.432112,2.884448,43.114584,3.000957,4.416418,2.004798,RECOVERY,RECOVERY,NEUTRAL,0.985662650602,1166120.0,-659280.0,-0.36117015,,1166120.0,1.0,15,54,42,15,35,34,12,5,34,0
2023-11-08,272,174355757,126,PASS,211.662016,111.114811,33.728634,5.232136,2.842543,49.960458,2.972066,3.842029,1.969339,RANGE,RANGE,WEAK,0.985321764281,1842980.0,676860.0,0.58043769,676860.0,1166120.0,0.632736,12,55,38,12,35,35,14,6,35,0
2023-11-09,273,166798986,126,PASS,206.564721,113.864143,31.933128,5.827931,2.532477,43.239083,3.062473,4.053557,2.051929,RANGE,RANGE,NEUTRAL,0.987193066923,1816930.0,-26050.0,-0.01413472,1037810.0,779120.0,0.428811,10,56,39,10,37,37,14,7,37,0
2023-11-10,274,178488699,126,PASS,175.423092,112.129567,25.292017,4.410074,2.627876,22.039086,2.858383,4.047252,2.018837,RANGE,RANGE,WEAK,0.98771043771,575450.0,-1241480.0,-0.68328444,,575450.0,1.0,9,55,42,9,39,39,15,8,39,0
2023-11-13,275,175299337,126,PASS,230.810802,111.636031,36.574653,5.56999,2.543644,65.684682,2.844519,3.860683,2.0966,RANGE,RANGE,NEUTRAL,0.988739495798,1814960.0,1239510.0,2.15398384,1239510.0,575450.0,0.317059,6,54,42,7,40,40,15,10,40,0
2023-11-14,276,171458280,126,PASS,179.985401,115.661914,26.418293,3.359687,2.620774,22.727178,2.931869,4.217603,2.048083,RANGE,RANGE,NEUTRAL,0.987870036101,824020.0,-990940.0,-0.54598448,,824020.0,1.0,7,51,43,7,41,40,16,9,40,0
2023-11-15,277,171948452,126,PASS,192.827443,111.805374,30.55688,3.67522,2.359083,35.342437,2.856644,4.067489,2.164316,RECOVERY,RECOVERY,NEUTRAL,0.984262138244,1841830.0,1017810.0,1.23517633,1017810.0,824020.0,0.447392,8,51,43,8,40,38,17,9,38,0
2023-11-16,278,174114493,126,PASS,173.257071,112.497952,24.35854,3.67458,2.299891,21.464851,2.965339,4.051642,1.944276,RANGE,RANGE,NEUTRAL,0.982038369305,1011920.0,-829910.0,-0.4505899,,1011920.0,1.0,7,50,42,7,39,39,18,9,39,0
2023-11-17,279,171297288,126,PASS,188.588103,113.759034,31.153659,3.720347,2.439493,28.887419,2.839442,3.845098,1.943611,BULL,BULL,NEUTRAL,0.985567010309,1828550.0,816630.0,0.80701044,816630.0,1011920.0,0.5534,7,51,45,8,39,39,17,8,39,0
2023-11-20,280,166112066,126,PASS,181.129248,110.856767,27.361375,3.321367,2.324455,28.55322,2.807711,3.871414,2.032939,BULL,BULL,NEUTRAL,0.984451874851,1833050.0,4500.0,0.00246097,732430.0,1100620.0,0.600431,7,50,42,7,37,37,16,10,37,0
2023-11-21,281,173778888,126,PASS,194.650712,112.396064,32.257396,2.883469,2.551473,35.771745,2.883549,3.960983,1.946033,BULL,BULL,STRONG,0.984888462461,1370120.0,-462930.0,-0.2525463,,1370120.0,1.0,10,50,40,10,37,34,16,10,34,0
2023-11-22,282,175270996,126,PASS,154.95409,112.384195,26.416872,3.620702,2.62333,2.172237,2.013559,3.780418,1.942777,BULL,BULL,STRONG,0.988587868617,1818450.0,448330.0,0.32721951,448330.0,1370120.0,0.753455,10,50,41,11,32,31,16,10,32,0
2023-11-24,283,173466843,126,PASS,221.298687,111.76531,38.43392,4.110294,2.431325,55.899581,2.935313,3.804429,1.918515,BULL,BULL,STRONG,0.988121414914,1837840.0,19390.0,0.01066293,448330.0,1389510.0,0.756056,11,51,43,12,32,32,16,8,32,0
2023-11-27,284,181759777,126,PASS,184.983861,111.235728,29.242398,3.633942,2.391752,29.02925,3.057384,4.412742,1.980665,BULL,BULL,STRONG,0.986669840514,1373860.0,-463980.0,-0.25245941,,1373860.0,1.0,9,52,40,10,31,31,15,8,31,0
2023-11-28,285,184171316,126,PASS,193.763341,116.202159,33.444427,3.305788,2.825776,28.992667,2.881326,4.117867,1.993331,BULL,BULL,STRONG,0.987248322148,1500670.0,126810.0,0.09230198,,1500670.0,1.0,11,53,46,12,35,35,16,8,35,0
2023-11-29,286,176838102,126,PASS,196.31676,115.585607,34.278835,4.057087,2.599149,30.942993,2.92858,3.951701,1.972808,BULL,BULL,STRONG,0.985892514395,1865460.0,364790.0,0.24308476,364790.0,1500670.0,0.80445,11,53,43,12,32,32,14,7,32,0
2023-11-30,287,177263803,126,PASS,186.054341,116.6203,30.414399,3.721676,2.451902,23.464479,2.858462,4.347342,2.175781,BULL,BULL,STRONG,0.985385169186,1561940.0,-303520.0,-0.16270518,,1561940.0,1.0,12,54,42,13,33,33,13,8,33,0
2023-12-01,288,180831146,126,PASS,214.74155,115.224666,38.574693,4.251733,2.985476,44.783329,2.965911,3.948897,2.006845,BULL,BULL,STRONG,0.990619765494,1850580.0,288640.0,0.18479583,288640.0,1561940.0,0.844027,12,54,42,13,32,31,13,8,31,0
2023-12-04,289,180082884,126,PASS,247.833892,115.596106,46.634803,5.780695,2.709696,67.927607,3.128372,4.031114,2.025499,BULL,BULL,STRONG,0.989801767375,1849010.0,-1570.0,-0.00084838,445140.0,1403870.0,0.759255,9,54,43,11,32,30,13,7,31,0
2023-12-05,290,179814646,126,PASS,225.497091,117.95884,40.224096,3.784044,2.475466,51.422986,3.295251,4.196856,2.139552,RANGE,RANGE,NEUTRAL,0.990622009569,1865690.0,16680.0,0.00902104,627810.0,1237880.0,0.663497,12,54,48,14,35,34,13,5,34,0
2023-12-06,291,175581138,126,PASS,210.718546,117.938532,38.057667,4.888483,2.790128,38.053994,2.993234,3.956446,2.040062,RECOVERY,RECOVERY,NEUTRAL,0.984746168582,1835260.0,-30430.0,-0.01631032,150590.0,1684670.0,0.917946,11,54,44,13,30,30,12,5,30,0
2023-12-07,292,176974350,126,PASS,237.055029,120.88657,38.56335,4.884757,2.991516,59.635055,3.233279,4.430506,2.429996,RANGE,RANGE,NEUTRAL,0.98373263057,1825510.0,-9750.0,-0.0053126,331930.0,1493580.0,0.818171,12,54,45,12,34,34,13,4,34,0
2023-12-08,293,176493126,126,PASS,226.063693,118.405984,35.83226,5.614346,2.794423,54.238014,3.099663,4.022801,2.056202,CORRECTION,CORRECTION,NEUTRAL,0.984474123539,1804930.0,-20580.0,-0.01127356,453830.0,1351100.0,0.748561,11,55,43,11,34,33,13,4,33,0
2023-12-11,294,180766730,126,PASS,227.200876,116.262705,38.532406,5.567576,2.860809,54.525274,3.167705,4.184959,2.099442,RANGE,RANGE,NEUTRAL,0.987775119617,1805520.0,590.0,0.00032688,670720.0,1134800.0,0.628517,12,54,42,12,35,33,11,5,33,0
2023-12-12,295,184670278,126,PASS,212.801087,117.112177,34.055366,6.075498,2.50185,43.990098,2.920996,4.115802,2.0293,RANGE,RANGE,NEUTRAL,0.987775119617,1229370.0,-576150.0,-0.31910475,,1229370.0,1.0,12,54,40,12,34,34,11,7,34,0
2023-12-13,296,190595869,126,PASS,250.131398,113.916175,41.945826,6.998992,2.635548,75.484524,3.030018,4.138649,1.981666,RANGE,RANGE,NEUTRAL,0.987260536398,1819440.0,590070.0,0.47997755,590070.0,1229370.0,0.675686,13,53,43,14,34,33,10,7,33,0
2023-12-14,297,176401686,126,PASS,212.212218,117.132829,33.511168,5.676799,2.929138,44.236126,2.856247,3.896562,1.973349,CORRECTION,CORRECTION,NEUTRAL,0.987306132188,1837570.0,18130.0,0.0099646,704820.0,1132750.0,0.616439,11,52,45,11,34,34,9,6,34,0
2023-12-15,298,184443293,126,PASS,232.475875,115.279212,40.771434,5.496589,2.443121,59.349946,2.981097,4.08007,2.074406,RECOVERY,RECOVERY,NEUTRAL,0.988146911519,1829240.0,-8330.0,-0.00453316,837620.0,991620.0,0.542094,13,52,45,13,36,35,9,7,35,0
2023-12-18,299,180341146,126,PASS,231.959137,117.619733,36.131378,5.840742,2.599357,60.868544,2.938725,4.005654,1.955004,CORRECTION,CORRECTION,WEAK,0.986820781697,1824180.0,-5060.0,-0.00276618,748920.0,1075260.0,0.589448,9,52,44,9,35,35,10,8,35,0
2023-12-19,300,176754293,126,PASS,205.655235,121.3907,30.988649,4.186174,2.55031,37.653737,2.907529,3.992889,1.985247,RANGE,RANGE,NEUTRAL,0.988809353376,1837740.0,13560.0,0.00743348,1198220.0,639520.0,0.347993,8,52,46,8,36,36,10,9,36,0
2023-12-20,301,182626316,126,PASS,225.164759,116.754411,39.463079,4.687731,2.444156,52.503094,3.060735,4.230618,2.020935,RANGE,RANGE,NEUTRAL,0.986660314435,1839330.0,1590.0,0.00086519,1231880.0,607450.0,0.330256,11,52,44,11,37,34,10,9,34,0
2023-12-21,302,179297905,126,PASS,215.940876,117.672595,32.645773,5.575715,2.551256,47.958801,3.461943,4.119377,1.955416,RANGE,RANGE,WEAK,0.988976377953,1860630.0,21300.0,0.0115803,881280.0,979350.0,0.526354,9,53,41,9,36,36,10,9,36,0
2023-12-22,303,178175383,126,PASS,217.991284,119.19889,35.654345,5.096106,2.766129,46.165086,3.010765,4.064386,2.035577,RANGE,RANGE,WEAK,0.989338410281,1866520.0,5890.0,0.00316559,1002320.0,864200.0,0.463001,9,53,43,9,37,37,11,7,37,0
2023-12-25,304,178582881,126,PASS,209.036233,121.332806,32.722299,5.049134,2.491174,38.265227,3.105211,4.042853,2.027529,RANGE,RANGE,WEAK,0.990042674253,1893030.0,26510.0,0.0142029,751020.0,1142010.0,0.603271,10,53,43,10,37,37,11,6,37,0
2023-12-26,305,178559271,126,PASS,219.842308,121.487987,33.21837,5.767478,2.461598,47.716075,3.013357,4.141789,2.035654,BEAR,BEAR,WEAK,0.987037037037,1908140.0,15110.0,0.00798191,767420.0,1140720.0,0.597818,8,53,44,8,35,35,12,5,35,0
2023-12-27,306,176937396,126,PASS,205.178463,118.837711,30.092079,5.541322,2.589895,39.025406,2.971422,4.085053,2.035575,RANGE,RANGE,NEUTRAL,0.985721062619,1890480.0,-17660.0,-0.00925509,904720.0,985760.0,0.521434,7,53,41,8,35,35,12,6,35,0
2023-12-28,307,198360164,126,PASS,254.462461,120.297852,47.238823,4.544171,2.69487,69.078549,3.560169,4.741169,2.306858,RANGE,RANGE,NEUTRAL,0.986140267176,642880.0,-1247600.0,-0.65993822,,642880.0,1.0,8,52,43,9,36,32,9,7,32,0
2023-12-29,308,175246326,126,PASS,209.233223,116.978301,29.836925,4.421373,16.985459,31.580173,3.070284,4.308977,2.051731,RECOVERY,RECOVERY,NEUTRAL,0.987666666667,1908960.0,1266080.0,1.96938776,1266080.0,642880.0,0.33677,8,52,42,8,34,33,10,6,33,0
2024-01-04,309,182395457,126,PASS,235.192645,118.975039,40.003818,4.750846,2.520447,59.573461,3.058767,4.187167,2.1231,RECOVERY,RECOVERY,NEUTRAL,0.989057318806,1908280.0,-680.0,-0.00035621,1261080.0,647200.0,0.339154,11,52,49,11,33,31,10,7,31,0
2024-01-05,310,186009880,126,PASS,235.878832,130.09533,37.228843,6.220688,2.80684,49.923638,3.112159,4.227964,2.26337,RECOVERY,RECOVERY,STRONG,0.988851913478,1925000.0,16720.0,0.00876182,952850.0,972150.0,0.505013,11,53,41,11,33,33,11,6,33,0
2024-01-09,311,183949085,126,PASS,222.324836,125.38542,31.838859,5.606681,2.462324,47.905623,2.988307,4.144214,1.993408,RECOVERY,RECOVERY,STRONG,0.987730933207,1918810.0,-6190.0,-0.00321558,1062850.0,855960.0,0.446089,10,52,43,10,33,32,13,7,32,0
2024-01-10,312,189699639,126,PASS,256.659864,124.519722,42.823879,5.034616,2.616445,72.186845,3.292519,4.119701,2.066137,BULL,BULL,STRONG,0.985375118708,1937870.0,19060.0,0.00993324,1172550.0,765320.0,0.394928,12,52,42,12,35,33,13,5,33,0
2024-01-11,313,185720558,126,PASS,201.342094,122.516782,30.513063,5.201289,2.539942,31.416495,3.016845,4.115515,2.022163,BULL,BULL,STRONG,0.988042704626,1955380.0,17510.0,0.00903569,832390.0,1122990.0,0.574308,12,53,39,12,35,34,14,9,34,0
2024-01-12,314,196246450,126,PASS,258.903175,123.410963,47.531043,5.604093,2.827042,69.687429,3.41624,4.347203,2.079162,BULL,BULL,STRONG,0.990180694246,1964580.0,9200.0,0.00470497,683670.0,1280910.0,0.652002,15,53,48,15,34,32,12,9,32,0
2024-01-15,315,199270064,126,PASS,219.496237,122.901493,32.441993,5.119163,2.527583,47.391701,2.95302,4.160582,2.000702,BULL,BULL,STRONG,0.989023521026,1159140.0,-805440.0,-0.40998076,,1159140.0,1.0,11,54,45,11,33,33,13,9,33,0
2024-01-16,316,191889583,126,PASS,206.575999,119.035556,32.185025,4.053237,2.65566,38.914695,3.044762,4.543583,2.143481,BULL,BULL,STRONG,0.990347123157,1972430.0,813290.0,0.70163224,813290.0,1159140.0,0.587671,13,54,42,13,34,34,11,10,34,0
2024-01-17,317,185807187,126,PASS,233.132309,122.292588,35.597301,5.829039,2.980984,56.757323,3.239012,4.318607,2.117455,BULL,BULL,STRONG,0.992671901023,1967460.0,-4970.0,-0.00251973,762590.0,1204870.0,0.612399,11,54,40,11,33,33,13,7,33,0
2024-01-18,318,185941322,126,PASS,230.022196,127.169989,35.850958,5.228855,2.848133,48.73304,3.345479,4.461647,2.384095,BULL,BULL,STRONG,0.990520313614,1968070.0,610.0,0.00031004,1212090.0,755980.0,0.384123,9,54,41,9,36,36,12,6,36,0
2024-01-19,319,190464328,126,PASS,212.476629,123.454803,33.803222,3.891532,2.574932,39.196721,2.924522,4.569725,2.061172,BULL,BULL,STRONG,0.991504045693,564600.0,-1403470.0,-0.71311996,,564600.0,1.0,8,54,37,8,39,39,14,6,39,0
2024-01-22,320,194288536,126,PASS,212.892538,122.811884,34.91753,4.013766,3.106165,38.75767,3.044802,4.036162,2.204559,BULL,BULL,STRONG,0.989876718824,1963890.0,1399290.0,2.47837407,1399290.0,564600.0,0.287491,9,54,41,9,39,38,14,9,38,0
2024-01-23,321,186975513,126,PASS,165.134923,121.608345,26.081225,4.26918,2.739579,2.213104,2.076899,4.122992,2.023599,BULL,BULL,STRONG,0.990045034368,1967820.0,3930.0,0.00200113,1142390.0,825430.0,0.419464,9,54,41,9,36,36,14,10,36,0
2024-01-24,322,187159793,126,PASS,238.924637,123.407792,38.731111,5.403412,2.564637,58.761219,3.462166,4.503633,2.090667,BULL,BULL,STRONG,0.99069325736,1968220.0,400.0,0.00020327,1142390.0,825830.0,0.419582,8,53,40,8,35,34,15,9,34,0
2024-01-25,323,194680478,126,PASS,221.895482,131.061849,36.603498,3.53764,2.68436,38.567757,3.143473,4.205281,2.091624,BULL,BULL,STRONG,0.990529314028,1226750.0,-741470.0,-0.3767211,,1226750.0,1.0,11,53,35,11,36,35,14,9,35,0
2024-01-26,324,194756172,126,PASS,200.563984,119.713472,30.717127,4.677271,2.62843,33.145157,3.16272,4.337872,2.181935,BULL,BULL,STRONG,0.991372363119,1228790.0,2040.0,0.00166293,,1228790.0,1.0,11,53,36,11,36,36,16,10,36,0
2024-01-29,325,201143613,126,PASS,218.25449,126.919099,32.704503,5.448906,2.629019,41.043651,3.211057,4.285493,2.012762,BULL,BULL,STRONG,0.993693693694,940710.0,-288080.0,-0.23444201,,940710.0,1.0,8,54,41,8,38,38,17,10,38,0
2024-01-30,326,199374124,126,PASS,203.232262,121.877444,33.283336,3.941099,2.799152,31.85636,3.065374,4.27993,2.129567,BULL,BULL,STRONG,0.993992848629,1067370.0,126660.0,0.13464298,,1067370.0,1.0,10,53,43,10,39,37,17,11,37,0
2024-01-31,327,204523454,126,PASS,206.88772,123.660456,33.867139,4.855286,2.865889,31.918903,3.169133,4.403065,2.147849,BULL,BULL,STRONG,0.990326423636,1378620.0,311250.0,0.2916046,,1378620.0,1.0,12,53,43,12,37,36,17,10,36,0
2024-02-01,328,197053054,126,PASS,228.908276,124.131302,36.678755,5.466269,2.689053,50.145131,3.206577,4.454543,2.136646,BULL,BULL,STRONG,0.990839876279,1937280.0,558660.0,0.40523132,558660.0,1378620.0,0.711627,12,53,44,12,35,35,17,10,35,0
2024-02-02,329,199022505,126,PASS,258.895851,126.913644,44.376547,4.501408,2.902823,70.657736,3.372471,4.108814,2.062408,BULL,BULL,STRONG,0.993341260404,1932820.0,-4460.0,-0.0023022,580960.0,1351860.0,0.699424,14,54,44,14,34,33,15,8,33,0
2024-02-05,330,198875929,126,PASS,239.922277,125.484112,41.102301,4.544898,2.787276,55.884,3.249669,4.791814,2.078207,BULL,BULL,STRONG,0.992855447425,1952170.0,19350.0,0.01001128,491830.0,1460340.0,0.74806,15,55,42,15,33,32,14,9,32,0
2024-02-06,331,203917220,126,PASS,203.724253,128.680026,33.800431,4.098129,3.024312,24.797888,3.07924,4.226789,2.017438,BULL,BULL,STRONG,0.993333333333,1525630.0,-426540.0,-0.21849532,,1525630.0,1.0,14,55,40,15,34,34,14,11,34,0
2024-02-07,332,198244670,126,PASS,218.353556,125.442624,35.879547,4.120382,3.015109,40.452013,3.17601,4.247426,2.020445,BULL,BULL,STRONG,0.991175071361,1955420.0,429790.0,0.28171313,429790.0,1525630.0,0.780206,15,54,39,15,32,31,13,10,31,0
2024-02-08,333,191184955,126,PASS,220.689854,126.458217,37.293465,5.275543,2.621158,39.850769,3.051936,4.133138,2.005628,RECOVERY,RECOVERY,NEUTRAL,0.991831388426,1955170.0,-250.0,-0.00012785,255790.0,1699380.0,0.869173,14,54,36,15,31,30,14,10,30,0
2024-02-09,334,190256658,126,PASS,250.827083,126.214281,40.970091,6.642738,2.53077,65.192503,3.165169,4.117819,1.993712,RANGE,RANGE,NEUTRAL,0.991520190024,1927430.0,-27740.0,-0.01418802,205890.0,1721540.0,0.893179,10,53,38,12,31,30,14,9,30,0
2024-02-13,335,198035527,126,PASS,230.94556,124.227163,43.033845,3.980502,2.532199,48.018891,3.080889,4.086292,1.985779,RANGE,RANGE,NEUTRAL,0.991700260849,1922490.0,-4940.0,-0.002563,624290.0,1298200.0,0.67527,12,53,43,13,31,31,14,6,31,0
2024-02-14,336,193381546,126,PASS,220.010968,123.311973,40.48862,4.369044,2.477387,40.294821,2.971261,4.083398,2.014464,RANGE,RANGE,NEUTRAL,0.989698552101,1964240.0,41750.0,0.02171663,141590.0,1822650.0,0.927916,11,54,38,13,32,31,14,6,31,0
2024-02-15,337,203357308,126,PASS,222.176907,127.123197,38.732564,3.600831,2.540863,40.780432,3.170471,4.22299,2.005559,RANGE,RANGE,NEUTRAL,0.991349809886,1868040.0,-96200.0,-0.04897569,,1868040.0,1.0,12,53,40,13,32,29,13,6,30,0
2024-02-16,338,200703469,126,PASS,193.194233,123.931335,30.081075,3.409123,2.639598,23.961353,3.028635,4.172546,1.970568,BULL,BULL,NEUTRAL,0.990702087287,1902760.0,34720.0,0.01858633,,1902760.0,1.0,13,53,40,13,26,24,10,5,25,0
2024-02-19,339,211750982,126,PASS,223.511521,124.509601,48.92675,4.570286,2.748744,33.459639,3.009682,4.285722,2.001097,BULL,BULL,NEUTRAL,0.991191832858,1781530.0,-121230.0,-0.06371271,,1781530.0,1.0,11,54,40,16,24,23,10,5,23,0
2024-02-20,340,219614249,126,PASS,213.716453,126.735472,38.381184,3.210348,2.758436,32.735185,3.301366,4.445224,2.149238,BULL,BULL,NEUTRAL,0.994511760513,1937810.0,156280.0,0.08772235,,1937810.0,1.0,13,55,40,14,26,23,9,4,26,0
2024-02-21,341,195760055,126,PASS,229.304068,125.288739,39.328762,4.509952,18.672202,32.492473,2.985459,4.039693,1.986788,BULL,BULL,NEUTRAL,0.993666666667,2019800.0,81990.0,0.04231065,81990.0,1937810.0,0.959407,13,55,37,15,27,26,11,7,27,0
2024-02-22,342,198869449,126,PASS,243.309213,124.020823,53.244754,4.496355,2.590293,49.673862,3.060201,4.18841,2.034515,BULL,BULL,NEUTRAL,0.991368271283,1975020.0,-44780.0,-0.02217051,145720.0,1829300.0,0.926218,11,55,35,16,27,26,11,5,26,0
2024-02-26,343,198052824,126,PASS,260.181624,128.191738,48.598102,4.944163,2.686182,66.275889,3.273136,4.189418,2.022996,BULL,BULL,NEUTRAL,0.991225165563,1986300.0,11280.0,0.00571133,476390.0,1509910.0,0.760162,13,54,41,14,26,24,9,5,24,0
2024-02-27,344,196417035,126,PASS,234.747075,127.043123,40.463555,5.733865,2.590513,49.821344,3.034027,4.082038,1.97861,BULL,BULL,NEUTRAL,0.993344425957,2032220.0,45920.0,0.02311836,253910.0,1778310.0,0.875058,12,52,35,14,21,21,9,3,21,0
2024-02-28,345,194319693,126,PASS,219.376901,125.358165,37.03022,4.440526,2.583569,40.887724,2.993674,4.110617,1.972406,BULL,BULL,NEUTRAL,0.992852054144,2047190.0,14970.0,0.00736633,311310.0,1735880.0,0.847933,14,53,38,15,23,23,10,5,23,0
2024-02-29,346,203468573,126,PASS,225.090359,126.150947,41.394587,4.826943,2.618258,40.613402,3.123866,4.224383,2.137973,BULL,BULL,NEUTRAL,0.990014265335,1713130.0,-334060.0,-0.16317977,,1713130.0,1.0,13,53,38,15,22,21,10,4,22,0
2024-03-01,347,189807766,126,PASS,238.329832,125.661572,38.987264,4.330019,18.732555,41.560377,2.988518,4.092002,1.977525,BULL,BULL,NEUTRAL,0.991852731591,2044940.0,331810.0,0.19368641,331810.0,1713130.0,0.837741,13,53,35,15,26,26,13,5,26,0
2024-03-04,348,204355319,130,PASS,179.791278,128.343123,34.266658,3.901899,2.722763,2.40933,2.076281,4.094834,1.97639,BULL,BULL,NEUTRAL,0.99269969187,2042580.0,-2360.0,-0.00115407,200410.0,1842170.0,0.901884,13,54,37,15,25,24,13,5,25,0
2024-03-05,349,193070661,126,PASS,248.821324,126.806744,46.921259,5.752005,2.595778,57.49599,3.147054,4.123143,1.979351,BULL,BULL,NEUTRAL,0.991034155598,2027640.0,-14940.0,-0.00731428,200410.0,1827230.0,0.901161,11,54,41,14,26,25,13,7,25,0
2024-03-06,350,199315520,126,PASS,232.151655,127.156349,39.307932,3.912572,2.700097,49.662883,3.111029,4.267092,2.033701,BULL,BULL,NEUTRAL,0.993672692674,1373540.0,-654100.0,-0.32259178,,1373540.0,1.0,13,53,42,13,26,25,12,6,25,0
2024-03-07,351,196145960,126,PASS,223.890775,127.219099,36.718325,5.338405,2.681524,42.460676,3.216443,4.222041,2.034262,BULL,BULL,NEUTRAL,0.991837220371,2054750.0,681210.0,0.49595207,681210.0,1373540.0,0.668471,13,53,37,14,27,27,12,5,27,0
2024-03-08,352,194345745,126,PASS,241.840811,131.775318,41.78138,5.315398,2.606868,50.914146,3.184571,4.169826,2.093304,BULL,BULL,NEUTRAL,0.992501785289,2045030.0,-9720.0,-0.0047305,378010.0,1667020.0,0.815157,11,53,38,14,27,27,12,5,27,0
2024-03-11,353,188584288,126,PASS,226.032822,128.147768,32.818077,3.977616,19.045818,32.84018,3.090982,4.100948,2.011433,BULL,BULL,NEUTRAL,0.993350748041,1975590.0,-69440.0,-0.03395549,414710.0,1560880.0,0.790083,11,52,40,11,30,30,11,5,30,0
2024-03-12,354,202342668,126,PASS,262.854998,128.624473,48.00255,5.180009,2.782249,68.549357,3.244093,4.402457,2.06981,BULL,BULL,NEUTRAL,0.994318453091,1887810.0,-87780.0,-0.0444323,653210.0,1234600.0,0.653985,14,52,38,15,28,28,11,3,28,0
2024-03-13,355,198877635,126,PASS,252.517094,130.257193,44.28615,5.830036,2.586922,59.737181,3.315068,4.427838,2.076706,RANGE,RANGE,NEUTRAL,0.993653066094,1908720.0,20910.0,0.01107633,353610.0,1555110.0,0.81474,13,53,42,14,27,27,12,4,27,0
2024-03-14,356,205992346,126,PASS,266.975046,128.583717,52.655257,5.026654,3.506158,67.592225,3.393906,4.18903,2.028099,BULL,BULL,STRONG,0.994314381271,1931330.0,22610.0,0.01184563,366640.0,1564690.0,0.810162,15,53,42,17,28,26,11,4,26,0
2024-03-15,357,197936621,126,PASS,265.055456,130.507508,45.455665,5.874301,2.839193,70.461416,3.457711,4.322455,2.137207,BULL,BULL,STRONG,0.993168293264,1826290.0,-105040.0,-0.05438739,313440.0,1512850.0,0.828373,11,52,39,12,26,25,11,4,25,0
2024-03-18,358,209102555,126,PASS,261.278422,130.023393,53.33995,5.137842,3.498244,59.702003,3.300967,4.208264,2.067759,BULL,BULL,STRONG,0.994019933555,1795990.0,-30300.0,-0.01659101,651190.0,1144800.0,0.63742,12,51,44,15,29,28,10,4,28,0
2024-03-19,359,210588794,126,PASS,289.338495,130.984497,48.975539,4.17633,19.28286,76.349155,3.333595,4.206059,2.03046,BULL,BULL,STRONG,0.990185361217,1865640.0,69650.0,0.03878084,440990.0,1424650.0,0.763625,18,52,41,18,33,32,14,5,32,0
2024-03-21,360,207684035,126,PASS,265.588802,131.802463,44.240441,6.968197,2.640547,69.593421,3.327127,4.890802,2.125804,BULL,BULL,STRONG,0.98839687426,1892200.0,26560.0,0.0142364,122430.0,1769770.0,0.935298,18,52,42,19,30,29,12,3,29,0
2024-03-22,361,203536109,126,PASS,260.932894,130.281805,43.011534,6.121663,19.354334,52.061091,3.208897,4.85242,2.04115,BULL,BULL,STRONG,0.989026128266,1901960.0,9760.0,0.00515802,148160.0,1753800.0,0.922101,17,52,40,19,31,30,13,7,30,0
2024-03-25,362,203919088,126,PASS,276.211982,133.821593,43.175789,6.794651,19.800282,62.657933,3.430194,4.396001,2.135539,BULL,BULL,STRONG,0.992037914692,1883750.0,-18210.0,-0.00957433,281040.0,1602710.0,0.850808,15,53,43,16,32,31,13,6,31,0
2024-03-26,363,201890802,126,PASS,255.126302,135.959973,36.911138,5.847818,20.422607,45.965981,3.471226,4.405013,2.142546,BULL,BULL,STRONG,0.993689205219,1880200.0,-3550.0,-0.00188454,418380.0,1461820.0,0.777481,13,52,42,14,32,32,11,6,32,0
2024-03-27,364,203116195,126,PASS,250.31202,133.710817,39.718396,5.14341,19.452835,42.926596,3.132554,4.204811,2.022601,BULL,BULL,STRONG,0.988739058434,1900340.0,20140.0,0.01071163,679080.0,1221260.0,0.642653,14,55,46,16,36,36,13,8,36,0
2024-03-28,365,208423928,126,PASS,266.592562,130.713686,39.04391,5.995301,19.748085,61.062177,3.427453,4.393804,2.208146,RANGE,RANGE,NEUTRAL,0.993165039295,723290.0,-1177050.0,-0.61938916,,723290.0,1.0,9,55,43,9,38,38,12,8,38,0
2024-03-29,366,207112477,126,PASS,253.712247,133.146974,42.973448,5.079292,2.948847,59.954529,3.274581,4.243842,2.090734,BULL,BULL,STRONG,0.988363809071,1870420.0,1147130.0,1.58598902,1147130.0,723290.0,0.386699,11,54,47,11,38,36,12,9,36,0
2024-04-01,367,205917901,126,PASS,255.885658,133.071471,45.233935,5.064118,2.621952,60.329435,3.321761,4.21493,2.028056,RANGE,RANGE,NEUTRAL,0.990054463651,1898830.0,28410.0,0.0151891,920030.0,978800.0,0.515475,13,54,44,14,36,34,11,10,34,0
2024-04-02,368,206326752,126,PASS,256.892725,132.098055,36.591801,6.423648,19.838331,52.162284,3.316404,4.309516,2.152686,RANGE,RANGE,NEUTRAL,0.991014975042,753400.0,-1145430.0,-0.60322936,,753400.0,1.0,9,52,46,9,34,34,12,9,34,0
2024-04-03,369,207386256,126,PASS,231.46116,131.969626,38.091189,4.487967,2.704712,44.367209,3.268585,4.391874,2.179998,RANGE,RANGE,NEUTRAL,0.991351865051,856630.0,103230.0,0.13701885,,856630.0,1.0,10,51,42,10,37,36,12,9,36,0
2024-04-04,370,202484936,126,PASS,228.526047,133.091582,35.926375,4.005744,2.657516,43.425005,3.212642,4.194366,2.012817,CORRECTION,CORRECTION,NEUTRAL,0.988180737218,1913260.0,1056630.0,1.23347303,1056630.0,856630.0,0.447733,12,51,40,12,33,33,10,8,33,0
2024-04-05,371,199109261,126,PASS,240.679666,131.13075,38.536045,5.526762,2.686048,53.244289,3.226405,4.28575,2.043617,CORRECTION,CORRECTION,NEUTRAL,0.988688212928,1905150.0,-8110.0,-0.00423884,705230.0,1199920.0,0.62983,10,52,41,10,33,33,12,8,33,0
2024-04-08,372,199064328,126,PASS,236.587949,131.496812,36.30358,4.645431,2.616707,52.030875,3.22106,4.203844,2.06964,CORRECTION,CORRECTION,NEUTRAL,0.988344433873,1904170.0,-980.0,-0.0005144,869630.0,1034540.0,0.543302,9,51,43,9,35,35,13,8,35,0
2024-04-09,373,206561936,126,PASS,221.994721,134.962087,33.762723,4.737718,2.784159,35.768543,3.344137,4.422467,2.212887,RECOVERY,RECOVERY,NEUTRAL,0.98932570884,656520.0,-1247650.0,-0.65521986,,656520.0,1.0,7,51,41,7,35,35,11,8,35,0
2024-04-10,374,207831729,126,PASS,254.933751,132.818971,43.665743,4.251564,2.640069,61.906511,3.27812,4.357033,2.01574,RECOVERY,RECOVERY,NEUTRAL,0.986509635974,1903050.0,1246530.0,1.89869311,1246530.0,656520.0,0.344983,8,50,43,8,36,35,11,8,35,0
2024-04-11,375,208394143,126,PASS,206.516847,132.563446,30.606358,4.549814,2.576895,26.379713,3.199415,4.380601,2.260605,RECOVERY,RECOVERY,NEUTRAL,0.985836705546,584510.0,-1318540.0,-0.6928562,,584510.0,1.0,7,50,40,7,38,38,12,8,38,0
2024-04-12,376,202713948,126,PASS,216.323321,132.073752,32.444191,3.732566,2.709492,35.756861,3.235873,4.33729,2.033296,RECOVERY,RECOVERY,NEUTRAL,0.98519486692,1950660.0,1366150.0,2.33725685,1366150.0,584510.0,0.299647,8,50,42,8,37,37,12,10,37,0
2024-04-15,377,197251291,126,PASS,220.249225,133.872601,34.635812,4.041827,2.668897,35.515036,3.189246,4.284591,2.041215,RECOVERY,RECOVERY,NEUTRAL,0.986375504391,1948290.0,-2370.0,-0.00121497,1235750.0,712540.0,0.365726,8,50,45,8,36,36,12,11,36,0
2024-04-16,378,197378968,126,PASS,229.208468,133.084454,34.735743,4.076042,2.637048,45.172284,3.21238,4.273636,2.016881,CORRECTION,CORRECTION,WEAK,0.986688851913,1951170.0,2880.0,0.00147822,1198450.0,752720.0,0.385779,8,50,41,8,36,36,13,9,36,0
2024-04-17,379,197468430,126,PASS,206.414991,134.143739,29.929958,4.009351,2.592516,26.328621,3.108281,4.268954,2.033571,BEAR,BEAR,WEAK,0.987339362208,1940730.0,-10440.0,-0.00535064,1262250.0,678480.0,0.3496,8,50,40,8,36,36,11,8,36,0
2024-04-18,380,199429861,126,PASS,241.640006,134.225594,36.602704,5.450853,2.604942,53.189752,3.216876,4.303052,2.046233,BEAR,BEAR,WEAK,0.988483547926,1923780.0,-16950.0,-0.00873383,1276450.0,647330.0,0.336489,7,51,43,7,38,37,11,10,37,0
2024-04-19,381,198791797,126,PASS,208.738996,135.731942,29.27341,4.419491,2.715952,27.119011,3.13961,4.2275,2.11208,BEAR,BEAR,WEAK,0.986892628585,1928810.0,5030.0,0.00261464,1276350.0,652460.0,0.338271,7,51,44,7,37,37,11,10,37,0
2024-04-22,382,199654543,126,PASS,219.729145,134.002467,32.842234,4.539025,2.601657,36.027133,3.219328,4.342684,2.154617,BEAR,BEAR,WEAK,0.989852661597,1911380.0,-17430.0,-0.00903666,1284450.0,626930.0,0.327999,8,51,47,8,37,37,12,10,37,0
2024-04-23,383,203322831,126,PASS,235.771947,135.596277,38.557269,5.206626,2.746082,43.975305,3.282948,4.360531,2.046909,BEAR,BEAR,WEAK,0.989801767375,1899550.0,-11830.0,-0.00618925,1262450.0,637100.0,0.335395,9,51,47,9,36,36,12,10,36,0
2024-04-24,384,203302798,126,PASS,236.28303,139.533238,34.728673,5.618766,2.620691,44.081739,3.187054,4.434663,2.078206,BEAR,BEAR,WEAK,0.990145549988,1910030.0,10480.0,0.0055171,1367550.0,542480.0,0.284016,9,50,44,9,36,36,12,9,36,0
2024-04-25,385,207615518,126,PASS,234.938138,134.883504,35.399326,6.113218,2.611506,45.950166,3.346148,4.442269,2.192001,BEAR,BEAR,WEAK,0.985989992852,371080.0,-1538950.0,-0.80572033,,371080.0,1.0,6,50,43,6,36,36,12,9,36,0
2024-04-26,386,205796717,126,PASS,250.604193,138.521814,38.331809,5.311342,2.738797,55.320425,3.462553,4.330769,2.586684,BEAR,BEAR,WEAK,0.990171346978,1920630.0,1549550.0,4.1757842,1549550.0,371080.0,0.193207,5,51,46,5,39,39,12,10,39,0
2024-04-30,387,213803559,126,PASS,289.465616,139.480714,52.181896,4.464029,2.706894,80.330699,3.512824,4.441561,2.346999,RANGE,RANGE,WEAK,0.990363161643,1914190.0,-6440.0,-0.00335307,1422550.0,491640.0,0.25684,8,50,46,8,41,40,15,11,40,0
2024-05-01,388,204520156,126,PASS,234.969418,137.530378,35.036909,5.532497,2.64227,44.603518,3.20937,4.279712,2.134764,RANGE,RANGE,NEUTRAL,0.98814125507,1934510.0,20320.0,0.01061546,1151550.0,782960.0,0.404733,8,50,43,8,39,38,13,10,38,0
2024-05-02,389,204700908,126,PASS,249.316161,137.188118,38.562226,5.663046,2.666351,55.511913,3.237618,4.301347,2.185542,CORRECTION,CORRECTION,NEUTRAL,0.988960573477,1942600.0,8090.0,0.00418194,1231850.0,710750.0,0.365876,9,50,45,9,37,36,12,9,36,0
2024-05-07,390,207362225,126,PASS,262.17198,136.072231,41.841253,6.980642,2.608489,64.754148,3.367427,4.395783,2.152007,RECOVERY,RECOVERY,NEUTRAL,0.987710557533,1936730.0,-5870.0,-0.00302172,944350.0,992380.0,0.5124,8,51,39,9,38,38,12,11,38,0
2024-05-08,391,212074154,126,PASS,287.356537,137.244915,48.077663,5.78801,2.629538,83.589731,3.491154,4.355932,2.179594,RECOVERY,RECOVERY,NEUTRAL,0.990639923591,1954210.0,17480.0,0.00902552,981250.0,972960.0,0.497879,5,52,47,5,42,41,13,12,41,0
2024-05-09,392,205823461,126,PASS,224.422574,136.334152,35.393155,4.023714,2.612893,36.383579,3.182801,4.263297,2.228983,RECOVERY,RECOVERY,NEUTRAL,0.990950442902,1957520.0,3310.0,0.00169378,1303050.0,654470.0,0.334336,5,52,44,5,44,43,12,12,43,0
2024-05-10,393,212712416,126,PASS,237.730117,135.673084,38.844255,4.585654,2.545464,45.98267,3.416309,4.567005,2.115676,RANGE,RANGE,NEUTRAL,0.987672536887,873710.0,-1083810.0,-0.55366484,,873710.0,1.0,6,51,39,6,43,41,13,13,41,0
2024-05-13,394,217386618,126,PASS,274.797927,136.68962,46.78005,5.156415,2.738109,73.540022,3.388922,4.343674,2.161115,RANGE,RANGE,NEUTRAL,0.986199524941,1934710.0,1061000.0,1.21436174,1061000.0,873710.0,0.451597,6,51,43,6,39,37,11,12,37,0
2024-05-14,395,214463206,126,PASS,223.765921,136.225112,35.560905,3.622995,2.623447,35.903399,3.22804,4.473456,2.128567,RANGE,RANGE,NEUTRAL,0.991996188661,593620.0,-1341090.0,-0.69317365,,593620.0,1.0,6,51,45,6,40,40,13,13,40,0
2024-05-15,396,216486405,126,PASS,227.594569,136.548052,37.893146,4.160751,2.71899,36.456297,3.240656,4.450719,2.125958,CORRECTION,CORRECTION,WEAK,0.989166666667,1319620.0,726000.0,1.22300462,,1319620.0,1.0,8,51,44,8,38,38,12,12,38,0
2024-05-16,397,219800414,126,PASS,241.196531,137.62092,39.630614,5.124143,2.723057,45.628144,3.274444,4.997783,2.197426,CORRECTION,CORRECTION,WEAK,0.9883665717,1517660.0,198040.0,0.15007351,,1517660.0,1.0,9,52,41,9,41,40,12,10,41,0
2024-05-17,398,221517354,126,PASS,244.312384,139.109013,39.056182,6.433284,2.894449,46.819708,3.318098,4.538538,2.143112,RANGE,RANGE,NEUTRAL,0.990997856633,1332160.0,-185500.0,-0.12222764,,1332160.0,1.0,8,52,42,8,41,41,12,12,41,0
2024-05-20,399,230828880,126,PASS,267.035567,138.060206,46.419336,4.883481,2.738269,64.828319,3.381567,4.587192,2.137197,BULL,BULL,NEUTRAL,0.989703440095,1613170.0,281010.0,0.21094313,,1613170.0,1.0,9,52,44,9,41,38,13,11,38,0
2024-05-21,400,217236501,126,PASS,186.267091,137.071568,30.403009,5.013074,2.792149,2.339832,2.168747,4.310519,2.168193,RANGE,RANGE,NEUTRAL,0.989666666667,1963620.0,350450.0,0.21724307,350450.0,1613170.0,0.821529,9,52,32,9,39,39,11,7,39,0
2024-05-22,401,218757530,126,PASS,240.680483,138.559855,37.045879,5.208243,2.651371,47.283585,3.281238,4.491021,2.159291,BULL,BULL,NEUTRAL,0.991168769341,1363980.0,-599640.0,-0.30537477,,1363980.0,1.0,6,53,40,6,41,41,13,9,41,0
2024-05-23,402,220323772,126,PASS,232.68235,140.180402,38.565302,4.271099,2.752527,36.670826,3.504138,4.555403,2.182653,RECOVERY,RECOVERY,NEUTRAL,0.991337458353,1657860.0,293880.0,0.2154577,,1657860.0,1.0,8,52,36,8,40,40,11,6,40,0
2024-05-24,403,223689442,126,PASS,254.797864,144.953972,45.088328,4.25825,2.775536,47.265212,3.381904,4.64867,2.425992,RANGE,RANGE,NEUTRAL,0.987669602476,1554120.0,-103740.0,-0.06257464,,1554120.0,1.0,9,53,40,10,39,38,11,9,38,0
2024-05-27,404,223632778,126,PASS,235.455665,141.177362,38.114214,4.977276,3.233835,37.606623,3.340879,4.657743,2.347733,CORRECTION,CORRECTION,NEUTRAL,0.98903654485,1487460.0,-66660.0,-0.04289244,,1487460.0,1.0,9,53,43,9,37,37,11,9,37,0
2024-05-28,405,215922978,126,PASS,261.350211,145.49719,41.625531,4.894005,3.00055,56.385672,3.345161,4.44587,2.156232,RANGE,RANGE,NEUTRAL,0.989838172299,1899310.0,411850.0,0.2768814,411850.0,1487460.0,0.783158,7,52,38,7,37,37,12,9,37,0
2024-05-29,406,213449950,126,PASS,190.402238,141.688534,31.652048,3.195048,2.689355,2.375019,2.124372,4.458931,2.218931,CORRECTION,CORRECTION,NEUTRAL,0.988994759409,1930710.0,31400.0,0.01653232,389850.0,1540860.0,0.798079,7,54,46,7,42,42,14,9,42,0
2024-05-30,407,212689528,126,PASS,259.227373,150.24672,44.419006,4.894697,2.600012,47.228014,3.328895,4.398135,2.111894,CORRECTION,CORRECTION,WEAK,0.991977077364,1888420.0,-42290.0,-0.02190386,389850.0,1498570.0,0.793558,6,53,42,9,40,39,13,11,39,0
2024-05-31,408,221667096,126,PASS,251.629544,140.004384,38.226313,3.663094,21.430367,38.128517,3.369927,4.56864,2.238302,RECOVERY,RECOVERY,NEUTRAL,0.988349976224,1089890.0,-798530.0,-0.42285614,,1089890.0,1.0,8,52,42,8,39,39,13,8,39,0
2024-06-03,409,218990833,126,PASS,243.739013,139.674351,39.132807,4.261722,2.71182,47.831734,3.328267,4.493857,2.304455,RECOVERY,RECOVERY,NEUTRAL,0.988814691152,1885790.0,795900.0,0.73025718,795900.0,1089890.0,0.577949,7,52,43,7,39,38,14,9,38,0
2024-06-04,410,218803350,126,PASS,234.595099,140.4208,39.122988,4.308889,2.826228,37.922328,3.271536,4.575807,2.146523,RECOVERY,RECOVERY,NEUTRAL,0.991642788921,1041760.0,-844030.0,-0.4475737,,1041760.0,1.0,9,51,41,9,39,38,18,10,38,0
2024-06-05,411,227149097,126,PASS,230.444271,140.412645,35.595023,4.193413,2.707601,37.62981,3.249053,4.514372,2.142354,RANGE,RANGE,NEUTRAL,0.987502975482,872410.0,-169350.0,-0.16256143,,872410.0,1.0,7,53,42,7,39,39,20,11,39,0
2024-06-06,412,225059562,126,PASS,234.178528,141.043897,39.280062,3.146283,2.718793,37.71232,3.43419,4.660123,2.18286,RANGE,RANGE,NEUTRAL,0.98530183727,1085300.0,212890.0,0.24402517,,1085300.0,1.0,9,53,40,9,39,38,18,10,38,0
2024-06-07,413,229995183,126,PASS,236.22114,143.03488,36.383118,5.812667,2.737534,38.155767,3.336977,4.591304,2.168893,RANGE,RANGE,NEUTRAL,0.991296030607,878480.0,-206820.0,-0.19056482,,878480.0,1.0,7,52,44,7,39,39,18,11,39,0
2024-06-10,414,231958712,126,PASS,248.93235,142.778913,42.780044,4.31422,2.784361,46.198866,3.336862,4.587118,2.151966,RECOVERY,RECOVERY,NEUTRAL,0.990154946365,1296880.0,418400.0,0.47627721,,1296880.0,1.0,10,52,43,10,41,40,18,10,40,0
2024-06-11,415,232012841,126,PASS,221.031569,140.899168,33.963821,4.685855,2.694316,28.813636,3.243635,4.556905,2.174233,RANGE,RANGE,NEUTRAL,0.989796893668,1144780.0,-152100.0,-0.11728148,,1144780.0,1.0,9,53,43,9,39,39,17,10,39,0
2024-06-12,416,231599923,126,PASS,248.235527,142.030099,42.722367,3.666853,2.692001,47.12169,3.307469,4.573928,2.12112,RECOVERY,RECOVERY,NEUTRAL,0.99144295302,1309780.0,165000.0,0.1441325,,1309780.0,1.0,12,53,44,12,40,38,16,10,38,0
2024-06-13,417,229287668,126,PASS,233.282962,141.044727,37.551015,4.222932,2.788567,37.579225,3.28481,4.673296,2.13839,RECOVERY,RECOVERY,NEUTRAL,0.990608528989,1361380.0,51600.0,0.03939593,,1361380.0,1.0,12,52,43,12,38,38,16,9,38,0
2024-06-14,418,221358322,126,PASS,262.059361,142.427826,43.222903,5.782579,2.770991,57.814906,3.379497,4.494571,2.166088,RECOVERY,RECOVERY,NEUTRAL,0.987801384579,1952830.0,591450.0,0.43444887,591450.0,1361380.0,0.697132,10,53,39,10,39,39,17,8,39,0
2024-06-17,419,221688067,126,PASS,225.010053,143.130646,34.372165,5.710359,2.674714,29.148449,3.250126,4.580405,2.143189,CORRECTION,CORRECTION,NEUTRAL,0.989845422117,991250.0,-961580.0,-0.49240333,,991250.0,1.0,9,53,43,9,41,41,18,9,41,0
2024-06-18,420,228753713,126,PASS,236.740733,143.175423,36.595081,5.219678,2.757328,39.077616,3.277457,4.510418,2.127732,RECOVERY,RECOVERY,NEUTRAL,0.989935298347,730940.0,-260310.0,-0.26260782,,730940.0,1.0,7,53,44,7,43,43,18,8,43,0
2024-06-19,421,218768250,126,PASS,247.136027,141.786768,39.938904,4.837509,2.727387,48.007183,3.291004,4.442822,2.10445,RECOVERY,RECOVERY,NEUTRAL,0.986987607245,1915000.0,1184060.0,1.61991408,1184060.0,730940.0,0.381692,6,52,43,6,42,41,18,8,41,0
2024-06-20,422,219763004,126,PASS,223.508323,142.654855,35.510938,4.165931,2.626576,28.593703,3.280218,4.531049,2.145053,RECOVERY,RECOVERY,NEUTRAL,0.987965616046,798520.0,-1116480.0,-0.58301828,,798520.0,1.0,7,52,48,7,41,41,17,8,41,0
2024-06-21,423,228202928,126,PASS,223.221556,141.97927,34.360963,5.150206,2.681948,29.118521,3.23221,4.579128,2.11931,RECOVERY,RECOVERY,NEUTRAL,0.987651966627,696360.0,-102160.0,-0.12793668,,696360.0,1.0,6,52,42,6,40,40,17,8,40,0
2024-06-24,424,228073966,126,PASS,251.018427,143.67128,42.085967,4.196641,2.797883,48.172697,3.342776,4.594857,2.156326,BULL,BULL,NEUTRAL,0.989527428164,933120.0,236760.0,0.33999655,,933120.0,1.0,7,52,44,7,41,41,17,9,41,0
2024-06-25,425,223921187,126,PASS,252.10242,143.625501,42.02481,4.317789,2.717861,49.371678,3.416272,4.47915,2.149359,BULL,BULL,STRONG,0.985049833887,1934920.0,1001800.0,1.07360254,1001800.0,933120.0,0.482252,8,52,47,8,39,38,17,8,38,0
2024-06-26,426,223216192,126,PASS,252.27174,144.37107,41.584083,4.79817,2.679157,48.670189,3.360664,4.688857,2.11955,BULL,BULL,STRONG,0.987541528239,1200170.0,-734750.0,-0.37973146,,1200170.0,1.0,9,52,41,9,40,39,17,7,39,0
2024-06-27,427,224391484,126,PASS,264.752774,145.806,40.636818,5.403015,2.718503,60.261718,3.385752,4.43788,2.103088,BULL,BULL,STRONG,0.984366832977,1956870.0,756700.0,0.63049401,756700.0,1200170.0,0.613311,8,52,44,8,40,40,18,8,40,0
2024-06-28,428,224143327,126,PASS,224.502692,144.383867,33.960201,4.189141,2.610329,29.387649,3.251418,4.583548,2.136539,BULL,BULL,STRONG,0.986720417358,743160.0,-1213710.0,-0.62023027,,743160.0,1.0,7,51,40,7,39,39,18,6,39,0
2024-07-01,429,229720147,126,PASS,250.920027,143.664623,41.971813,3.680362,2.727645,48.799888,3.33225,4.616104,2.127342,BULL,BULL,STRONG,0.987728026534,804510.0,61350.0,0.08255288,,804510.0,1.0,8,50,43,8,37,35,16,6,35,0
2024-07-02,430,223910037,126,PASS,242.534932,146.237432,39.998325,4.26624,2.838611,39.10331,3.301016,4.601338,2.18866,BULL,BULL,STRONG,0.986235489221,1036340.0,231830.0,0.28816298,,1036340.0,1.0,10,50,37,10,33,32,15,5,32,0
2024-07-03,431,231707129,126,PASS,257.771173,147.329869,43.747017,5.300553,2.736091,48.535748,3.345381,4.637568,2.138946,BULL,BULL,STRONG,0.988200379867,1632370.0,596030.0,0.57512978,,1632370.0,1.0,13,51,40,13,36,35,17,12,35,0
2024-07-04,432,235722011,126,PASS,252.497199,145.649359,40.039243,4.924215,2.832718,48.905537,3.337404,4.62439,2.184333,BULL,BULL,STRONG,0.987197149644,1090360.0,-542010.0,-0.33203869,,1090360.0,1.0,10,52,41,10,36,36,17,12,36,0
2024-07-05,433,234009553,126,PASS,256.292613,145.996071,44.530099,3.989376,2.795903,48.765311,3.385666,4.675627,2.15456,BULL,BULL,STRONG,0.986069651741,1405510.0,315150.0,0.28903298,,1405510.0,1.0,13,52,45,13,38,36,18,11,36,0
2024-07-08,434,226313135,126,PASS,270.828652,146.658737,45.593255,6.519857,2.838336,59.155615,3.391133,4.518308,2.153411,BULL,BULL,STRONG,0.989388915206,1871210.0,465700.0,0.3313388,465700.0,1405510.0,0.751124,12,52,40,13,33,33,16,8,33,0
2024-07-09,435,218483778,126,PASS,242.594995,146.882464,38.887002,4.89069,2.572244,39.47914,3.287538,4.462643,2.133274,BULL,BULL,STRONG,0.988211574953,1894130.0,22920.0,0.01224876,519400.0,1374730.0,0.725784,12,53,39,12,34,34,17,6,34,0
2024-07-10,436,218442283,126,PASS,281.094428,146.666483,45.155004,6.315956,2.584118,70.298842,3.421433,4.498843,2.153749,BULL,BULL,STRONG,0.986173250833,1869570.0,-24560.0,-0.01296638,439500.0,1430070.0,0.764919,9,53,40,9,34,34,14,9,34,0
2024-07-11,437,231694973,126,PASS,268.604048,146.04617,45.970632,4.258637,2.605962,59.440361,3.43145,4.687905,2.162931,BULL,BULL,STRONG,0.985056925996,978750.0,-890820.0,-0.4764839,,978750.0,1.0,11,52,44,11,37,35,14,7,35,0
2024-07-12,438,229729521,126,PASS,258.112456,147.219983,43.187916,5.440711,2.717858,49.508006,3.327893,4.545726,2.164363,BULL,BULL,STRONG,0.988402366864,1887760.0,909010.0,0.92874585,909010.0,978750.0,0.518472,12,52,44,12,37,36,15,10,36,0
2024-07-16,439,222717469,126,PASS,255.084921,147.034819,41.106059,4.343046,2.585036,50.042641,3.319381,4.510033,2.143906,BULL,BULL,STRONG,0.989886309806,1897030.0,9270.0,0.00491058,753710.0,1143320.0,0.602689,11,53,47,11,35,35,16,12,35,0
2024-07-17,440,226038987,126,PASS,274.145124,149.719329,47.131444,4.431117,2.701155,60.092386,3.438505,4.494215,2.136973,BULL,BULL,STRONG,0.985354255825,1900350.0,3320.0,0.0017501,931610.0,968740.0,0.509769,13,53,44,13,34,33,13,10,33,0
2024-07-18,441,224291338,126,PASS,284.632128,148.662865,45.859536,5.9966,2.699308,71.271498,3.460379,4.549349,2.132593,BULL,BULL,STRONG,0.987369420703,1889130.0,-11220.0,-0.00590418,710410.0,1178720.0,0.623949,13,53,39,13,36,35,14,10,35,0
2024-07-19,442,222975120,126,PASS,281.689774,148.811067,43.814836,7.00055,2.609426,69.384898,3.393787,4.528586,2.146624,BULL,BULL,STRONG,0.986688851913,1842300.0,-46830.0,-0.02478919,589850.0,1252450.0,0.67983,11,52,44,11,36,36,15,11,36,0
2024-07-22,443,220448770,126,PASS,284.440165,148.656126,45.347303,6.47194,2.591863,71.253011,3.438249,4.548809,2.132864,RANGE,RANGE,NEUTRAL,0.989033942559,1825760.0,-16540.0,-0.00897791,760650.0,1065110.0,0.583379,8,51,39,8,38,37,15,10,37,0
2024-07-23,444,221690052,126,PASS,258.313834,148.566012,41.719969,5.975731,2.679467,49.354787,3.334234,4.532441,2.151193,RANGE,RANGE,NEUTRAL,0.991168769341,1805280.0,-20480.0,-0.01121725,1170150.0,635130.0,0.351818,7,52,45,7,42,41,15,11,41,0
2024-07-24,445,220150085,126,PASS,273.785091,148.114117,45.403006,5.875433,2.672133,61.401781,3.407793,4.611907,2.298921,CORRECTION,CORRECTION,NEUTRAL,0.989215453899,1802780.0,-2500.0,-0.00138483,1210430.0,592350.0,0.328576,7,51,44,7,41,40,17,10,40,0
2024-07-25,446,217356028,126,PASS,272.31843,150.321659,41.497198,6.441821,2.695714,61.251396,3.415645,4.566218,2.128779,CORRECTION,CORRECTION,WEAK,0.988923004251,1792100.0,-10680.0,-0.00592418,1062590.0,729510.0,0.40707,5,51,42,6,40,39,16,10,39,0
2024-07-26,447,226639432,126,PASS,300.549899,149.828252,52.458135,4.881314,2.718765,80.352451,3.522326,4.61859,2.170066,BEAR,BEAR,WEAK,0.987701804368,1769440.0,-22660.0,-0.01264438,1219070.0,550370.0,0.311042,7,50,43,7,39,37,17,9,37,0
2024-07-29,448,225095090,126,PASS,285.698407,149.223837,47.776331,6.008504,2.675438,69.775024,3.497974,4.581846,2.159453,CORRECTION,CORRECTION,WEAK,0.989698552101,1752100.0,-17340.0,-0.00979971,977770.0,774330.0,0.441944,6,50,39,6,39,39,17,9,39,0
2024-07-30,449,224128999,126,PASS,275.094397,149.193052,46.217423,4.985508,2.69782,61.657542,3.478835,4.650906,2.213311,CORRECTION,CORRECTION,WEAK,0.988947368421,1750160.0,-1940.0,-0.00110724,1345070.0,405090.0,0.231459,6,50,42,6,41,39,16,8,39,0
2024-07-31,450,227739135,126,PASS,250.561768,152.295717,39.884904,3.792378,2.710273,41.470763,3.414168,4.800917,2.192648,RANGE,RANGE,NEUTRAL,0.991644783958,402580.0,-1347580.0,-0.76997532,,402580.0,1.0,6,50,44,6,41,40,15,9,40,0
2024-08-01,451,226479362,126,PASS,201.525792,150.968029,33.048706,3.607936,2.728466,2.361046,2.146354,4.51125,2.154005,BEAR,BEAR,WEAK,0.990721893491,1750950.0,1348370.0,3.34932187,1348370.0,402580.0,0.229921,6,50,43,6,42,42,16,9,42,0
2024-08-02,452,224031857,126,PASS,233.834013,150.901565,35.487805,4.155907,2.655948,30.529013,3.318821,4.630163,2.154791,BEAR,BEAR,WEAK,0.987455788729,1732630.0,-18320.0,-0.01046289,1348370.0,384260.0,0.221778,5,50,40,5,39,39,16,8,39,0
2024-08-05,453,224489822,126,PASS,275.120957,150.566704,45.751653,4.876669,2.746845,61.026326,3.432159,4.563494,2.157107,BEAR,BEAR,WEAK,0.987826086957,1717700.0,-14930.0,-0.00861696,1393270.0,324430.0,0.188875,5,50,46,5,40,40,16,7,40,0
2024-08-06,454,233150595,126,PASS,317.055393,149.940331,56.242097,4.997555,2.699653,92.704073,3.632994,4.649005,2.189685,HIGH_VOLATILITY,BEAR,WEAK,0.98433451119,1663320.0,-54380.0,-0.03165861,1243770.0,419550.0,0.252236,6,51,50,6,40,40,16,6,40,0
2024-08-07,455,227330924,126,PASS,260.378926,150.682981,39.85908,5.518593,2.703377,51.526491,3.39369,4.565562,2.129152,HIGH_VOLATILITY,BEAR,WEAK,0.984484791323,1721650.0,58330.0,0.03506842,1073120.0,648530.0,0.376691,5,51,47,6,43,43,17,8,43,0
2024-08-08,456,234740075,126,PASS,236.97823,152.11921,37.479123,3.745869,2.713693,30.418379,3.522425,4.806632,2.172899,HIGH_VOLATILITY,BEAR,WEAK,0.989049537805,679280.0,-1042370.0,-0.60544826,,679280.0,1.0,6,50,49,6,42,42,16,8,42,0
2024-08-09,457,239250599,126,PASS,235.372186,150.739585,36.353114,4.24751,2.828048,30.992963,3.342372,4.714259,2.154335,HIGH_VOLATILITY,BEAR,WEAK,0.991544291805,453190.0,-226090.0,-0.33283771,,453190.0,1.0,5,50,48,5,41,41,16,7,41,0
2024-08-13,458,229868534,126,PASS,202.732401,151.661785,33.867715,3.137919,2.791576,2.383922,2.154932,4.597943,2.136609,HIGH_VOLATILITY,BEAR,WEAK,0.993231132075,1744410.0,1291220.0,2.84918026,1291220.0,453190.0,0.259796,5,50,49,5,42,42,19,6,42,0
2024-08-14,459,227114849,126,PASS,235.536206,152.582171,35.800687,3.645178,2.666286,30.65491,3.325662,4.685142,2.17617,HIGH_VOLATILITY,BEAR,WEAK,0.993701160313,469350.0,-1275060.0,-0.73094055,,469350.0,1.0,4,50,46,4,33,33,15,3,33,0
2024-08-15,460,244741061,126,PASS,287.674931,154.441833,53.807156,3.418899,2.788458,62.378912,3.644287,4.990273,2.205113,HIGH_VOLATILITY,BEAR,WEAK,0.9912022765,975960.0,506610.0,1.07938639,,975960.0,1.0,8,50,47,9,32,30,17,3,30,0
2024-08-16,461,257275037,126,PASS,300.848434,156.964926,51.023965,4.693061,25.692671,51.55572,3.662717,5.043571,2.211803,HIGH_VOLATILITY,BEAR,WEAK,0.989396449704,1109790.0,133830.0,0.13712652,,1109790.0,1.0,11,54,46,11,20,16,11,2,18,0
2024-08-19,462,235905017,126,PASS,288.882252,152.352658,44.283962,5.387951,24.467823,52.034877,3.454981,4.654997,2.245003,HIGH_VOLATILITY,BEAR,WEAK,0.987571022727,1789110.0,679320.0,0.61211581,679320.0,1109790.0,0.620303,10,55,42,9,27,26,15,1,27,0
2024-08-20,463,253104511,126,PASS,268.452882,155.370968,52.106131,5.814101,2.649261,42.271896,3.394931,4.691893,2.153701,HIGH_VOLATILITY,BEAR,WEAK,0.993357058126,1751000.0,-38110.0,-0.02130109,707120.0,1043880.0,0.596162,8,56,43,11,28,26,17,2,27,0
2024-08-21,464,243936322,126,PASS,301.208571,152.765964,57.404214,4.265666,24.323152,52.081466,3.447647,4.720498,2.199964,HIGH_VOLATILITY,BEAR,WEAK,0.989333333333,1761620.0,10620.0,0.00606511,913720.0,847900.0,0.481318,9,54,43,12,29,26,13,3,28,0
2024-08-22,465,247627047,130,PASS,232.761114,153.382915,39.225722,4.00251,24.46768,2.559598,2.241007,4.711104,2.170578,HIGH_VOLATILITY,BEAR,WEAK,0.991023509855,1755070.0,-6550.0,-0.00371817,842220.0,912850.0,0.520122,9,54,41,10,32,29,16,3,32,0
2024-08-23,466,247387202,126,PASS,315.565737,153.172965,60.673685,4.633276,2.685314,83.867503,3.617649,4.741043,2.174302,HIGH_VOLATILITY,BEAR,WEAK,0.992519591546,1758940.0,3870.0,0.00220504,842220.0,916720.0,0.521178,11,57,44,12,35,30,17,4,32,0
2024-08-26,467,259100704,126,PASS,326.034421,154.541872,67.394521,5.799786,24.562223,62.676597,3.794775,5.072749,2.191898,HIGH_VOLATILITY,RANGE,WEAK,0.990052108006,1371610.0,-387330.0,-0.22020649,,1371610.0,1.0,15,55,42,19,34,31,19,4,32,0
2024-08-27,468,230642588,126,PASS,229.473473,154.160021,35.707905,3.442066,24.74796,2.392792,2.190741,4.665401,2.166587,HIGH_VOLATILITY,BEAR,WEAK,0.989368770764,1824630.0,453020.0,0.33028339,453020.0,1371610.0,0.75172,15,57,43,15,33,31,19,6,33,0
2024-08-28,469,230344002,126,PASS,213.020763,158.223135,36.274648,4.127979,2.756448,2.477064,2.232862,4.717684,2.210943,HIGH_VOLATILITY,BEAR,WEAK,0.984348239772,1837050.0,12420.0,0.00680686,453020.0,1384030.0,0.753398,15,59,42,15,36,34,20,2,36,0
2024-08-29,470,241948809,126,PASS,246.288998,156.216369,39.403408,4.087092,2.769314,32.801982,3.673502,5.132271,2.20506,HIGH_VOLATILITY,BEAR,WEAK,0.987979966611,1331330.0,-505720.0,-0.27528919,,1331330.0,1.0,14,60,44,14,34,32,19,4,34,0
2024-08-30,471,268606443,126,PASS,258.097172,155.304021,53.429634,4.098243,2.840578,31.561071,3.604449,5.058824,2.200352,HIGH_VOLATILITY,RANGE,NEUTRAL,0.990183028286,1596790.0,265460.0,0.19939459,,1596790.0,1.0,15,61,44,18,34,33,21,3,34,0
2024-09-02,472,250426967,130,PASS,238.03316,155.879136,41.402154,4.141361,24.910188,2.571399,2.218234,4.722297,2.188391,HIGH_VOLATILITY,BULL,STRONG,0.992220383069,1835110.0,238320.0,0.14924943,238320.0,1596790.0,0.870133,15,62,43,16,35,34,22,4,35,0
2024-09-03,473,248897441,126,PASS,259.721202,154.702514,45.335558,4.019074,2.665183,42.235388,3.492956,5.071646,2.198883,BULL,BULL,STRONG,0.992037914692,1686860.0,-148250.0,-0.08078535,,1686860.0,1.0,17,62,42,17,36,34,20,5,35,0
2024-09-04,474,244974008,126,PASS,244.144525,156.195044,37.401734,5.645492,2.852959,31.87366,3.36202,4.642881,2.170735,BULL,BULL,STRONG,0.989710763395,1848580.0,161720.0,0.09587043,161720.0,1686860.0,0.912517,16,61,36,17,36,35,23,5,36,0
2024-09-05,475,240767587,126,PASS,320.868747,155.386272,56.670066,8.610654,2.689275,87.108339,3.518295,4.702712,2.183134,BULL,BULL,STRONG,0.989002618424,1773480.0,-75100.0,-0.04062578,191720.0,1581760.0,0.891896,12,62,41,16,36,33,22,6,33,0
2024-09-06,476,238004454,126,PASS,289.327589,155.183504,51.446303,5.639616,2.733754,63.931721,3.486097,4.727572,2.179022,BULL,BULL,STRONG,0.988833333333,1785680.0,12200.0,0.00687913,701820.0,1083860.0,0.606973,14,59,42,14,39,37,23,7,37,0
2024-09-09,477,239713356,126,PASS,294.493171,156.842991,53.817465,5.81532,2.732307,64.897635,3.487547,4.740016,2.15989,BULL,BULL,STRONG,0.989722945773,1771310.0,-14370.0,-0.00804735,333620.0,1437690.0,0.811654,13,58,45,15,36,35,22,6,35,0
2024-09-10,478,243261770,126,PASS,280.896887,156.060843,52.203068,5.781815,2.732091,53.504202,3.53708,4.850787,2.227001,BULL,BULL,STRONG,0.992643897779,1773260.0,1950.0,0.00110088,257820.0,1515440.0,0.854607,14,59,42,15,38,36,22,6,36,0
2024-09-11,479,235202684,126,PASS,318.311061,158.852716,53.265353,6.715296,2.745516,86.061955,3.661308,4.786167,2.22275,RANGE,RANGE,NEUTRAL,0.991489868892,1786430.0,13170.0,0.007427,142720.0,1643710.0,0.920109,10,57,40,10,37,36,23,7,36,0
2024-09-12,480,242541099,126,PASS,307.757541,158.845081,55.461771,5.433123,2.699425,74.791896,3.571302,4.762566,2.192377,RANGE,RANGE,NEUTRAL,0.98862060722,1759760.0,-26670.0,-0.01492922,576270.0,1183490.0,0.672529,13,56,42,13,40,40,22,6,40,0
2024-09-13,481,244262050,126,PASS,248.288943,157.759616,39.14501,5.644355,2.66424,32.487809,3.52956,4.866289,2.192064,CORRECTION,CORRECTION,WEAK,0.990284757119,1417210.0,-342550.0,-0.19465723,,1417210.0,1.0,12,56,41,12,40,40,21,8,40,0
2024-09-17,482,237853454,126,PASS,277.782618,157.695202,45.769387,6.864458,2.743926,54.290075,3.439882,4.743944,2.235744,RANGE,RANGE,NEUTRAL,0.990524815958,1786480.0,369270.0,0.26056124,369270.0,1417210.0,0.793297,11,57,39,11,40,39,21,7,39,0
2024-09-18,483,243554162,126,PASS,262.473562,158.171809,41.529912,6.157472,2.619632,43.441463,3.51843,4.849946,2.184898,CORRECTION,CORRECTION,WEAK,0.987446197991,1079700.0,-706780.0,-0.39562716,,1079700.0,1.0,9,56,42,9,41,41,22,8,41,0
2024-09-19,484,252515343,126,PASS,262.086395,157.58869,41.553772,5.615294,2.73339,43.974331,3.529262,4.901104,2.190552,RECOVERY,RECOVERY,NEUTRAL,0.987009279086,992390.0,-87310.0,-0.08086506,,992390.0,1.0,7,56,43,7,45,45,22,12,45,0
2024-09-20,485,243451564,126,PASS,277.642388,158.482728,47.535945,4.450468,2.750481,54.04541,3.450951,4.752838,2.173567,RECOVERY,RECOVERY,NEUTRAL,0.984226755218,1777560.0,785170.0,0.79119096,785170.0,992390.0,0.558288,8,56,45,8,44,42,21,12,43,0
2024-09-24,486,235075202,126,PASS,276.432248,157.735939,45.808066,5.138333,2.713593,54.622734,3.477874,4.759329,2.17638,RECOVERY,RECOVERY,NEUTRAL,0.983932796971,1779330.0,1770.0,0.00099575,722470.0,1056860.0,0.593965,7,55,45,7,42,40,22,12,41,0
2024-09-25,487,236142857,126,PASS,212.871972,158.258932,36.566918,3.832416,2.729551,2.391366,2.18455,4.730299,2.17794,RANGE,RANGE,NEUTRAL,0.989197530864,1779580.0,250.0,0.0001405,709570.0,1070010.0,0.601271,7,54,43,7,43,42,23,12,43,0
2024-09-26,488,235901849,126,PASS,283.083594,161.882601,47.66955,5.247809,2.824291,54.879427,3.551628,4.796328,2.23196,RECOVERY,RECOVERY,NEUTRAL,0.98185246288,1773120.0,-6460.0,-0.00363007,709570.0,1063550.0,0.599818,8,54,45,8,43,40,22,11,41,0
2024-09-27,489,233999504,126,PASS,280.479851,162.231645,43.275213,6.951882,2.740447,54.862129,3.470279,4.768362,2.179894,RECOVERY,RECOVERY,NEUTRAL,0.986023294509,1766840.0,-6280.0,-0.00354178,790270.0,976570.0,0.552721,7,53,41,8,38,37,20,10,38,0
2024-09-30,490,232932701,126,PASS,292.511214,159.055363,48.246639,5.616741,2.679088,66.432329,3.54215,4.754464,2.18444,CORRECTION,CORRECTION,WEAK,0.985910490173,1778590.0,11750.0,0.00665029,903940.0,874650.0,0.491766,5,54,45,5,42,41,22,11,42,0
2024-10-01,491,234156070,126,PASS,263.446459,158.879734,43.048674,5.07539,2.694956,43.315199,3.454751,4.780512,2.197243,RANGE,RANGE,NEUTRAL,0.987369420703,1749830.0,-28760.0,-0.01617011,1019440.0,730390.0,0.417406,5,52,45,5,42,40,19,13,41,0
2024-10-02,492,239069003,126,PASS,280.870162,160.923536,47.168563,4.411149,2.703279,54.91755,3.592826,4.92579,2.227469,CORRECTION,CORRECTION,WEAK,0.988680142687,716650.0,-1033180.0,-0.59044593,,716650.0,1.0,6,51,43,6,41,40,19,14,41,0
2024-10-03,493,239913220,126,PASS,293.568072,160.262944,48.201293,5.140419,2.815422,66.579824,3.572471,4.778867,2.216832,CORRECTION,CORRECTION,WEAK,0.990347123157,1760490.0,1043840.0,1.4565548,1043840.0,716650.0,0.407074,4,51,42,4,41,39,21,12,40,0
2024-10-04,494,237790911,126,PASS,293.156785,158.994617,51.085342,3.954207,2.700842,65.882348,3.556766,4.792614,2.190049,RANGE,RANGE,NEUTRAL,0.987982832618,1747960.0,-12530.0,-0.00711734,1238010.0,509950.0,0.29174,6,50,46,6,39,37,19,11,38,0
2024-10-07,495,246352790,126,PASS,268.634561,162.088487,44.468436,4.583978,2.724384,43.858485,3.566146,5.107321,2.237324,BULL,BULL,STRONG,0.986873961548,881360.0,-866600.0,-0.49577794,,881360.0,1.0,8,50,47,8,39,36,18,12,37,0
2024-10-08,496,248882057,126,PASS,266.579711,161.283827,41.163371,6.188603,2.763845,44.582846,3.499922,4.878831,2.218466,BULL,BULL,NEUTRAL,0.986817640048,779970.0,-101390.0,-0.11503812,,779970.0,1.0,6,50,41,6,36,35,18,9,36,0
2024-10-09,497,238252982,126,PASS,282.617501,162.160925,45.421272,5.829285,2.886169,55.821029,3.509455,4.79198,2.197386,BULL,BULL,NEUTRAL,0.989125239006,1734720.0,954750.0,1.22408554,954750.0,779970.0,0.449623,5,50,42,5,36,35,16,8,36,0
2024-10-10,498,232302002,126,PASS,283.022902,163.496173,45.821915,4.397425,2.718581,56.083218,3.556971,4.758879,2.18974,RANGE,RANGE,NEUTRAL,0.984789875836,1738750.0,4030.0,0.00232314,1150950.0,587800.0,0.338059,4,50,41,4,39,38,18,8,39,0
2024-10-11,499,232089836,126,PASS,265.135513,161.345097,42.72374,3.942849,2.642522,44.136633,3.430882,4.726076,2.187714,BULL,BULL,STRONG,0.983162657776,1728560.0,-10190.0,-0.00586053,1293050.0,435510.0,0.25195,4,50,47,4,40,38,17,9,39,0
2024-10-15,500,240004480,126,PASS,293.081335,161.447366,48.741342,3.927668,2.680716,65.805588,3.517661,4.770378,2.190616,RANGE,RANGE,NEUTRAL,0.983736367947,1728790.0,230.0,0.00013306,1298200.0,430590.0,0.24907,7,51,48,7,42,40,18,9,41,0
2024-10-16,501,240197613,126,PASS,306.944811,161.174406,50.214729,5.746471,2.701947,76.529313,3.552301,4.802758,2.222886,RANGE,RANGE,NEUTRAL,0.984132665235,1725940.0,-2850.0,-0.00164855,1084780.0,641160.0,0.371485,7,51,42,7,41,39,22,9,40,0
2024-10-17,502,244091194,126,PASS,253.842014,161.78058,39.285847,5.658129,2.785905,33.575985,3.517457,5.042901,2.19521,RANGE,RANGE,NEUTRAL,0.985608415013,501320.0,-1224620.0,-0.70953799,,501320.0,1.0,6,51,45,6,40,40,22,11,40,0
2024-10-18,503,244536770,126,PASS,253.202871,161.478191,40.828586,4.475512,2.794932,32.928125,3.480401,5.026698,2.190426,RANGE,RANGE,NEUTRAL,0.981926846761,550920.0,49600.0,0.0989388,,550920.0,1.0,7,51,41,7,41,41,23,12,41,0
2024-10-21,504,248092109,126,PASS,283.036979,161.491688,46.222034,5.674832,2.818882,55.969258,3.568993,5.090506,2.200786,CORRECTION,CORRECTION,NEUTRAL,0.984022824536,483430.0,-67490.0,-0.12250417,,483430.0,1.0,6,51,45,6,39,39,21,10,39,0
2024-10-22,505,238621610,126,PASS,282.323511,161.349042,46.32022,5.05706,2.818899,56.337591,3.450707,4.810277,2.179715,CORRECTION,CORRECTION,WEAK,0.989990467112,1716120.0,1232690.0,2.54988313,1232690.0,483430.0,0.281699,5,51,45,5,37,36,18,8,36,0
2024-10-23,506,232702477,126,PASS,300.196408,163.107737,49.333499,5.82438,2.780287,68.497517,3.553886,4.859498,2.239604,BEAR,BEAR,WEAK,0.985524126456,1702520.0,-13600.0,-0.00792485,1363560.0,338960.0,0.199093,3,50,43,3,36,36,18,7,36,0
2024-10-24,507,237850067,126,PASS,302.35966,165.364622,50.509598,4.493408,2.734137,68.605602,3.595429,4.870315,2.186549,BEAR,BEAR,WEAK,0.984673964779,1700510.0,-2010.0,-0.0011806,1489560.0,210950.0,0.124051,3,50,47,3,41,41,20,8,41,0
2024-10-25,508,240861249,126,PASS,253.910849,163.534298,39.136917,4.443207,2.695024,33.348611,3.512813,5.074934,2.165045,BEAR,BEAR,WEAK,0.986388427792,146180.0,-1554330.0,-0.91403755,,146180.0,1.0,2,50,48,2,40,40,18,6,40,0
2024-10-28,509,246853107,126,PASS,254.731006,163.712697,41.201765,3.361565,2.796875,32.87439,3.514631,5.091988,2.177095,BEAR,BEAR,WEAK,0.98572444866,266260.0,120080.0,0.821453,,266260.0,1.0,3,50,49,3,40,40,19,8,40,0
2024-10-29,510,249047024,126,PASS,255.495189,163.737279,41.222383,3.341409,2.825346,33.484556,3.535386,5.140595,2.208235,RANGE,RANGE,WEAK,0.988486293206,305880.0,39620.0,0.14880192,,305880.0,1.0,4,50,45,4,39,38,21,7,38,0
2024-10-30,511,242516679,126,PASS,285.067969,163.714975,47.670361,3.94211,2.854003,56.353568,3.500272,4.821571,2.211109,RANGE,RANGE,WEAK,0.987330316742,1714240.0,1408360.0,4.60428926,1408360.0,305880.0,0.178435,5,50,41,5,37,36,20,6,36,0
2024-10-31,512,238087147,126,PASS,286.486966,164.59757,47.504591,5.090519,2.741692,55.991549,3.529299,4.841973,2.189773,RANGE,RANGE,NEUTRAL,0.98678614098,1711950.0,-2290.0,-0.00133587,1291960.0,419990.0,0.245328,6,50,41,6,39,38,20,7,38,0
2024-11-01,513,243910625,126,PASS,269.705068,163.366188,44.302357,3.901325,2.730021,44.509585,3.559642,5.108581,2.227369,BEAR,BEAR,WEAK,0.988308279647,568080.0,-1143870.0,-0.66816788,,568080.0,1.0,6,50,40,6,38,38,23,8,38,0
2024-11-05,514,241432770,126,PASS,270.001154,164.035812,44.105423,3.887768,2.838071,44.500734,3.619128,4.82542,2.188798,BEAR,BEAR,WEAK,0.98469581749,1747040.0,1178960.0,2.0753415,1178960.0,568080.0,0.325167,6,51,41,6,40,40,23,9,40,0
2024-11-06,515,241499829,126,PASS,259.944264,164.826837,41.895055,5.761085,2.719093,33.802184,3.521841,5.151337,2.266832,BEAR,BEAR,WEAK,0.985534441805,762310.0,-984730.0,-0.56365624,,762310.0,1.0,7,52,44,7,39,39,21,8,39,0
2024-11-07,516,241622004,126,PASS,289.212378,164.815347,47.582786,5.238506,2.870904,57.98359,3.55893,4.930014,2.232301,RANGE,RANGE,NEUTRAL,0.985364694702,1767970.0,1005660.0,1.31922709,1005660.0,762310.0,0.431178,6,52,42,6,38,38,21,8,38,0
2024-11-08,517,236056443,126,PASS,276.255794,167.191073,44.353066,5.235518,2.680406,46.023701,3.568051,4.9519,2.252079,RANGE,RANGE,WEAK,0.980726323285,1777280.0,9310.0,0.00526593,1016740.0,760540.0,0.427924,6,51,41,6,39,39,21,7,39,0
2024-11-11,518,238566418,126,PASS,289.743133,165.572908,48.299748,4.569263,3.463636,57.078759,3.690163,4.886921,2.181735,RANGE,RANGE,NEUTRAL,0.982375296912,1749020.0,-28260.0,-0.0159007,1058340.0,690680.0,0.394895,7,50,42,7,38,37,23,8,37,0
2024-11-12,519,237905669,126,PASS,273.986651,166.39695,44.160518,4.563892,2.657921,45.679869,3.48003,4.852004,2.195467,RECOVERY,RECOVERY,NEUTRAL,0.9865,1743460.0,-5560.0,-0.00317892,825540.0,917920.0,0.526493,7,51,43,7,39,39,22,9,39,0
2024-11-13,520,248125797,126,PASS,290.362639,165.791229,49.99178,3.910602,2.673379,56.812107,3.789884,5.187185,2.206473,RANGE,RANGE,WEAK,0.988338886245,1117860.0,-625600.0,-0.3588267,,1117860.0,1.0,10,50,44,10,39,38,21,8,38,0
2024-11-14,521,248895226,126,PASS,319.228204,166.155451,54.38115,5.88732,2.808798,79.209098,3.685731,4.898544,2.202112,CORRECTION,CORRECTION,WEAK,0.98565300286,1707800.0,589940.0,0.5277405,589940.0,1117860.0,0.654561,9,53,44,9,37,36,18,7,36,0
2024-11-15,522,247982994,126,PASS,261.052413,166.391041,40.500858,5.825285,2.761578,34.717691,3.530308,5.13639,2.189262,CORRECTION,CORRECTION,WEAK,0.983856395625,897790.0,-810010.0,-0.47430027,,897790.0,1.0,8,51,40,8,37,37,17,7,37,0
2024-11-18,523,252005307,126,PASS,308.380916,167.359077,51.931194,5.192471,2.804363,69.866979,3.840418,5.170591,2.215823,CORRECTION,CORRECTION,NEUTRAL,0.985187826914,907820.0,10030.0,0.01117188,,907820.0,1.0,8,52,44,8,38,37,19,8,37,0
2024-11-19,524,255041261,126,PASS,261.828685,166.737093,41.156693,4.55737,2.826235,35.395881,3.644745,5.263312,2.247356,RANGE,RANGE,NEUTRAL,0.987318235995,748530.0,-159290.0,-0.1754643,,748530.0,1.0,7,51,38,7,38,38,18,8,38,0
2024-11-20,525,254656231,126,PASS,280.481332,167.934936,47.428502,3.928239,2.907775,46.910723,3.832609,5.276827,2.261721,RECOVERY,RECOVERY,NEUTRAL,0.988257848071,942880.0,194350.0,0.25964223,,942880.0,1.0,9,51,38,9,39,38,18,7,38,0
2024-11-21,526,256959220,126,PASS,297.423959,169.342827,51.415141,3.9888,2.947578,58.308879,3.880727,5.273397,2.26661,BULL,BULL,NEUTRAL,0.987511893435,1173080.0,230200.0,0.2441456,,1173080.0,1.0,12,52,42,12,36,36,20,7,36,0
2024-11-22,527,248913374,126,PASS,278.021199,167.24069,45.486611,5.275329,2.755637,46.418901,3.664443,4.892661,2.286927,BULL,BULL,NEUTRAL,0.985503451559,1711320.0,538240.0,0.45882634,538240.0,1173080.0,0.685483,12,52,41,12,37,36,18,7,36,0
2024-11-25,528,253558196,126,PASS,262.582539,167.409605,41.076825,5.225476,2.696596,35.019469,3.695686,5.176162,2.28272,BULL,BULL,STRONG,0.988394126007,1101740.0,-609580.0,-0.35620457,,1101740.0,1.0,11,52,42,11,37,37,22,7,37,0
2024-11-26,529,255594441,126,PASS,265.512504,168.337557,41.427974,7.094085,2.833722,34.89928,3.541321,5.182045,2.19652,BULL,BULL,NEUTRAL,0.987181926278,1050270.0,-51470.0,-0.04671701,,1050270.0,1.0,10,51,37,10,37,37,21,5,37,0
2024-11-27,530,245167246,126,PASS,310.242091,168.739024,50.587028,6.451342,2.805812,70.856362,3.675183,4.902733,2.224607,RANGE,RANGE,NEUTRAL,0.985145445875,1696610.0,646340.0,0.61540366,646340.0,1050270.0,0.61904,8,51,38,8,38,37,18,5,37,0
2024-11-28,531,246727111,126,PASS,326.379342,168.430377,56.926824,5.26269,2.750766,82.116047,3.735634,4.921473,2.235531,RANGE,RANGE,NEUTRAL,0.989284860081,1673840.0,-22770.0,-0.01342088,792140.0,881700.0,0.526753,9,52,43,9,37,37,18,6,37,0
2024-11-29,532,250912859,126,PASS,263.585835,168.881203,41.383154,4.505086,2.769663,35.123749,3.538109,5.163501,2.22137,RANGE,RANGE,NEUTRAL,0.983158646975,855430.0,-818410.0,-0.4889416,,855430.0,1.0,8,51,41,8,35,35,18,6,35,0
2024-12-02,533,249035455,126,PASS,294.976454,169.386935,47.38885,5.302705,2.838885,59.013417,3.739841,5.033933,2.271888,RANGE,RANGE,NEUTRAL,0.985764956254,1683270.0,827840.0,0.96774721,827840.0,855430.0,0.508195,10,51,45,10,33,33,18,6,33,0
2024-12-03,534,255935644,126,PASS,270.56655,172.473231,44.058098,4.671175,2.757636,35.297898,3.779271,5.28319,2.246051,BULL,BULL,NEUTRAL,0.985575556608,1057090.0,-626180.0,-0.37200211,,1057090.0,1.0,11,53,47,11,34,34,17,7,34,0
2024-12-04,535,255160362,126,PASS,299.360294,171.823528,50.889918,4.17398,2.968012,58.673618,3.657415,4.968327,2.205496,RECOVERY,RECOVERY,NEUTRAL,0.986381969158,1705350.0,648260.0,0.61324958,648260.0,1057090.0,0.619867,12,54,45,12,35,34,17,6,34,0
2024-12-05,536,256784503,126,PASS,266.735262,169.421826,42.157986,5.932852,2.700368,35.456205,3.715921,5.147245,2.202859,RECOVERY,RECOVERY,NEUTRAL,0.984389086595,1199600.0,-505750.0,-0.29656669,,1199600.0,1.0,11,53,41,11,34,34,15,7,34,0
2024-12-06,537,262601216,126,PASS,266.973251,170.842488,42.468961,4.070677,2.841981,35.541462,3.796627,5.209151,2.201904,RECOVERY,RECOVERY,NEUTRAL,0.985863625564,1147620.0,-51980.0,-0.04333111,,1147620.0,1.0,10,53,45,10,35,35,14,7,35,0
2024-12-09,538,251559504,126,PASS,296.448764,169.403998,49.062708,4.705599,2.868708,59.523996,3.668699,4.981456,2.2336,RECOVERY,RECOVERY,NEUTRAL,0.990042674253,1699280.0,551660.0,0.48069919,551660.0,1147620.0,0.675357,9,53,42,9,34,34,15,9,34,0
2024-12-10,539,247533425,126,PASS,301.397906,169.870917,53.318793,5.415098,2.783929,59.163444,3.655791,4.960118,2.229816,RANGE,RANGE,NEUTRAL,0.990007137759,1696610.0,-2670.0,-0.00157125,557210.0,1139400.0,0.671574,10,53,40,12,35,35,15,11,35,0
2024-12-11,540,250153722,126,PASS,313.695407,170.648574,53.569312,4.735719,2.720457,71.102635,3.699708,5.005666,2.213336,RECOVERY,RECOVERY,NEUTRAL,0.987012369172,1715260.0,18650.0,0.01099251,441610.0,1273650.0,0.74254,10,53,45,10,34,34,16,12,34,0
2024-12-12,541,249263318,126,PASS,297.25516,169.250928,49.372169,5.428286,2.664644,59.758776,3.647028,4.94169,2.191639,RECOVERY,RECOVERY,NEUTRAL,0.985423568386,1720280.0,5020.0,0.00292667,542210.0,1178070.0,0.684813,9,53,42,9,37,37,19,12,37,0
2024-12-13,542,249965432,126,PASS,280.805683,170.260317,46.496203,4.146579,2.673729,46.464581,3.607712,4.957749,2.198813,RECOVERY,RECOVERY,NEUTRAL,0.987209302326,1725570.0,5290.0,0.00307508,626310.0,1099260.0,0.637042,9,52,43,9,38,38,18,10,38,0
2024-12-16,543,249338468,126,PASS,234.050576,175.566394,40.46403,3.3704,2.786344,2.440374,2.195404,5.026969,2.200661,RANGE,RANGE,NEUTRAL,0.989065088757,1717230.0,-8340.0,-0.00483319,640410.0,1076820.0,0.627068,9,53,45,9,39,39,20,10,39,0
2024-12-17,544,255874407,126,PASS,273.838431,173.694275,45.158841,4.733479,2.720485,36.291874,3.766819,5.236479,2.236179,RANGE,RANGE,NEUTRAL,0.985548172757,1125930.0,-591300.0,-0.34433361,,1125930.0,1.0,10,54,38,10,38,38,21,13,38,0
2024-12-18,545,259925314,126,PASS,274.080395,172.513684,46.174515,5.616276,2.923113,35.468777,3.817572,5.302059,2.264399,RANGE,RANGE,NEUTRAL,0.983416252073,1324270.0,198340.0,0.1761566,,1324270.0,1.0,11,55,39,11,37,37,22,10,37,0
2024-12-19,546,262713968,126,PASS,344.339952,185.866604,64.546362,5.823086,2.875944,73.532225,3.962425,5.404923,2.328383,CORRECTION,CORRECTION,NEUTRAL,0.986758098841,1741780.0,417510.0,0.31527559,417510.0,1324270.0,0.760297,11,55,41,13,37,36,20,13,36,0
2024-12-20,547,251476830,128,PASS,381.624025,182.807636,60.634406,7.859131,29.739537,88.727813,4.032248,5.319882,2.503372,CORRECTION,CORRECTION,NEUTRAL,0.984297520661,1736700.0,-5080.0,-0.00291656,498010.0,1238690.0,0.713244,10,54,41,10,38,37,19,12,37,0
2024-12-23,548,256334474,128,PASS,355.682255,182.935534,59.659631,9.484813,3.362655,88.511122,4.010493,5.277067,2.44094,CORRECTION,CORRECTION,NEUTRAL,0.987482352941,1743250.0,6550.0,0.00377152,481810.0,1261440.0,0.723614,5,53,40,6,38,38,19,14,38,0
2024-12-24,549,245247352,126,PASS,358.361811,181.156271,53.172768,5.752397,28.767524,77.690598,4.02536,5.458028,2.338865,CORRECTION,CORRECTION,NEUTRAL,0.985623229462,1746560.0,3310.0,0.00189875,1259060.0,487500.0,0.27912,3,52,42,3,40,40,19,15,40,0
2024-12-25,550,254891183,126,PASS,357.422553,186.210591,62.477592,4.498929,2.97104,89.185066,4.071086,5.639615,2.368634,RANGE,RANGE,NEUTRAL,0.985145012969,1719790.0,-26770.0,-0.01532727,1300760.0,419030.0,0.243652,6,51,43,6,43,41,18,12,41,0
2024-12-26,551,258220540,126,PASS,286.360312,183.57551,45.771938,3.813414,2.833658,38.28171,4.047915,5.615567,2.4206,RECOVERY,RECOVERY,NEUTRAL,0.982532956685,982220.0,-737570.0,-0.42887213,,982220.0,1.0,7,51,45,7,42,42,19,13,42,0
2024-12-27,552,258718361,126,PASS,320.031259,185.051493,53.582261,4.232685,3.535521,61.813101,3.78495,5.605002,2.426246,RECOVERY,RECOVERY,NEUTRAL,0.98596035866,1720400.0,738180.0,0.75154242,738180.0,982220.0,0.570925,8,52,41,8,42,40,19,12,40,0
2024-12-30,553,263126006,126,PASS,323.247076,185.12897,55.979698,4.324678,3.073666,62.684595,4.046322,5.610286,2.398861,RECOVERY,RECOVERY,NEUTRAL,0.990429042904,1205410.0,-514990.0,-0.29934318,,1205410.0,1.0,11,52,39,11,41,38,17,9,38,0
2025-01-06,554,263719816,126,PASS,344.717795,187.133881,59.891604,5.963834,3.435276,76.348194,4.011468,5.550103,2.383435,RECOVERY,RECOVERY,NEUTRAL,0.988643310604,1732990.0,527580.0,0.43767681,527580.0,1205410.0,0.695567,13,53,38,13,36,35,18,10,35,0
2025-01-07,555,252252296,126,PASS,320.59309,184.03824,50.268688,7.249756,3.187799,64.01736,4.084197,5.475547,2.271503,BULL,BULL,STRONG,0.988757675957,1742730.0,9740.0,0.00562034,247780.0,1494950.0,0.857821,12,53,37,13,38,37,20,10,37,0
2025-01-08,556,261283083,126,PASS,382.600515,178.701085,77.156858,8.199927,2.723904,103.755209,4.091992,5.657952,2.313588,RECOVERY,RECOVERY,NEUTRAL,0.990876777251,1719650.0,-23080.0,-0.01324359,213780.0,1505870.0,0.875684,8,55,38,12,0,0,0,0,0,0
2025-01-09,557,216507366,48,,266.871275,180.468151,83.57602,0.0,2.827104,0.0,0.0,0.0,0.0,RANGE,RANGE,NEUTRAL,0.988071005917,,,,,,,,54,38,17,0,0,0,0,0,0
